,channel_id,subscriber_count
0,UCNLxBzguoGLqXWA8_BtHSHA,72700
1,UCtI0Hodo5o5dUb67FeUjDeA,4400000
2,UCRxDTCmIjgli-Xgh2KPE9dA,1750000
3,UC-km1012mEUQQLGxggmrazw,739000
4,UC72bkkvKulLl_muXs0ygF_Q,20400
5,UChFqyZDekCMt_z7sVO3JjBQ,879000
6,UCVMvBhhCs_jZTGlHFI6Fh7w,298000
7,UCFDEkoNJ4e1VH6A6SUk9N4g,185
8,UC1Lp8HbCqOPBMT1W_mjb21A,581000
9,UCHbL59OvxcJwsl5bCIGpkmw,21400
10,UCvC4D8onUfXzvjTOM-dBfEA,13900000
11,UCbJoWdIyULC-VuJebfKhPLQ,24400
12,UC3oHasOAxRUwX0HpEhnWsQg,36500
13,UC3uAIK-2HyXEeotd7PNZbfg,18000
0,UCRxDTCmIjgli-Xgh2KPE9dA,1750000
1,UC-km1012mEUQQLGxggmrazw,739000
2,UC72bkkvKulLl_muXs0ygF_Q,20400
3,UChFqyZDekCMt_z7sVO3JjBQ,879000
4,UCVMvBhhCs_jZTGlHFI6Fh7w,298000
5,UCFDEkoNJ4e1VH6A6SUk9N4g,185
6,UC1Lp8HbCqOPBMT1W_mjb21A,581000
7,UCHbL59OvxcJwsl5bCIGpkmw,21400
8,UCvC4D8onUfXzvjTOM-dBfEA,13900000
9,UCbJoWdIyULC-VuJebfKhPLQ,24400
10,UC3oHasOAxRUwX0HpEhnWsQg,36500
11,UC3uAIK-2HyXEeotd7PNZbfg,18000
12,UCNLxBzguoGLqXWA8_BtHSHA,72700
13,UCtI0Hodo5o5dUb67FeUjDeA,4400000
14,UCynIYcsBwTrwBIecconPN2A,2570000
15,UCDE_gujqIP9wEBZy0lVH_8Q,1090000
0,UC5Tk1JEutSTmswO7dm6_jNg,122000
1,UCK7olrAXy2LFsBtVx9g9xjA,17000
2,UCQ5URCSs1f5Cz9rh-cDGxNQ,694000
3,UCynURu72A71GmEVQcsZXcKQ,118000
4,UCNcQkRqY3_Ozcnlo6STqlAQ,105000
5,UCltkdBboJUT4cX1LFIp7-_Q,78800
6,UCoh_z6QB0AGB1oxWufvbDUg,2050000
7,UCfodSug0zXKfd8HpSay9JBg,373000
8,UCNLxBzguoGLqXWA8_BtHSHA,72700
9,UCRVruzlQF5cqpw9jQgIgNdw,755000
10,UCGCZAYq5Xxojl_tSXcVJhiQ,1290000
11,UCucL8Ib4JOigpW0pgjI46xA,1380000
12,UC-uIxqs8YBuqzgUSnL0TzYw,315000
13,UC0e87WXu_SJhrc8tb08qyaQ,122000
14,UCgQqn8qDKhFz7QGLg_vFDvQ,27200
15,UCv2ejD5B1xOYtGB2cf80B8g,557000
16,UCLYlpN8yN536YoJd6FtiKwg,814000
17,UCMtFAi84ehTSYSE9XoHefig,7630000
18,UCPs6BouVj4Gl96zGwwzSWJg,37000
19,UCQugJQxWxs2cM8w_IPuMaXw,12400
20,UCCD76tKlE45u1YTX0cVh1OQ,200000
21,UCtI0Hodo5o5dUb67FeUjDeA,4400000
22,UCFDEkoNJ4e1VH6A6SUk9N4g,185
23,UCynIYcsBwTrwBIecconPN2A,2570000
24,UCDE_gujqIP9wEBZy0lVH_8Q,1090000
0,UCltkdBboJUT4cX1LFIp7-_Q,78800
1,UCoh_z6QB0AGB1oxWufvbDUg,2050000
2,UCfodSug0zXKfd8HpSay9JBg,373000
3,UCNLxBzguoGLqXWA8_BtHSHA,72700
4,UCRVruzlQF5cqpw9jQgIgNdw,755000
5,UCGCZAYq5Xxojl_tSXcVJhiQ,1290000
6,UCucL8Ib4JOigpW0pgjI46xA,1380000
7,UC-uIxqs8YBuqzgUSnL0TzYw,315000
8,UC0e87WXu_SJhrc8tb08qyaQ,122000
9,UCgQqn8qDKhFz7QGLg_vFDvQ,27200
10,UCv2ejD5B1xOYtGB2cf80B8g,557000
11,UCLYlpN8yN536YoJd6FtiKwg,814000
12,UCMtFAi84ehTSYSE9XoHefig,7630000
13,UCPs6BouVj4Gl96zGwwzSWJg,37000
14,UCQugJQxWxs2cM8w_IPuMaXw,12400
15,UCCD76tKlE45u1YTX0cVh1OQ,200000
16,UCtI0Hodo5o5dUb67FeUjDeA,4400000
17,UCFDEkoNJ4e1VH6A6SUk9N4g,185
18,UCynIYcsBwTrwBIecconPN2A,2570000
19,UCDE_gujqIP9wEBZy0lVH_8Q,1090000
20,UC5Tk1JEutSTmswO7dm6_jNg,122000
21,UCK7olrAXy2LFsBtVx9g9xjA,17000
22,UCQ5URCSs1f5Cz9rh-cDGxNQ,694000
23,UCynURu72A71GmEVQcsZXcKQ,118000
24,UCNcQkRqY3_Ozcnlo6STqlAQ,105000
0,UCGCZAYq5Xxojl_tSXcVJhiQ,1290000
1,UCucL8Ib4JOigpW0pgjI46xA,1380000
2,UC-uIxqs8YBuqzgUSnL0TzYw,315000
3,UC0e87WXu_SJhrc8tb08qyaQ,122000
4,UCgQqn8qDKhFz7QGLg_vFDvQ,27200
5,UCv2ejD5B1xOYtGB2cf80B8g,557000
6,UCLYlpN8yN536YoJd6FtiKwg,814000
7,UCMtFAi84ehTSYSE9XoHefig,7630000
8,UCPs6BouVj4Gl96zGwwzSWJg,37000
9,UCQugJQxWxs2cM8w_IPuMaXw,12400
10,UCCD76tKlE45u1YTX0cVh1OQ,200000
11,UCtI0Hodo5o5dUb67FeUjDeA,4400000
12,UCFDEkoNJ4e1VH6A6SUk9N4g,185
13,UCynIYcsBwTrwBIecconPN2A,2570000
14,UCDE_gujqIP9wEBZy0lVH_8Q,1090000
15,UC5Tk1JEutSTmswO7dm6_jNg,122000
16,UCK7olrAXy2LFsBtVx9g9xjA,17000
17,UCQ5URCSs1f5Cz9rh-cDGxNQ,694000
18,UCynURu72A71GmEVQcsZXcKQ,118000
19,UCNcQkRqY3_Ozcnlo6STqlAQ,105000
20,UCltkdBboJUT4cX1LFIp7-_Q,78800
21,UCoh_z6QB0AGB1oxWufvbDUg,2050000
22,UCfodSug0zXKfd8HpSay9JBg,373000
23,UCNLxBzguoGLqXWA8_BtHSHA,72700
24,UCRVruzlQF5cqpw9jQgIgNdw,755000
0,UCcvLSRIWJIAGFDyWtzkbiHA,1600000
1,UCGbOTPDlBwkN-4N85dK6U7Q,231000
2,UCFtVzEblikHdro4J5HeMo4w,582000
3,UCZm4hXoFy5ynSaGXVfP-NGQ,57600
4,UCx3LKgU243gC-kKhhFD4NWQ,40400
5,UC27RIvOR7ev2zl6ZkkxOjHg,19100
6,UCWxCyZibDIWIrGIgP25mbfw,6940000
7,UCkkxn2ldlFUMupTlXU8meAw,952000
8,UCN1hnUccO4FD5WfM7ithXaw,15000000
9,UC5PBnSG7C0WXp5gjd4bzKtw,1110000
10,UCSoEDFXaMcHbAlWlduce2eg,519000
11,UCvtbgZXQEGo1pxa-PkMP98A,17600
12,UCGL2699xGK-6p0AAnTVS5-g,151000
13,UCbD8EppRX3ZwJSou-TVo90A,14100000
14,UCdIg25jnHpfVpnHNoCakU4Q,0
15,UCqltwdVS2hLvSjC9eFmfrWg,560000
16,UCMtFAi84ehTSYSE9XoHefig,7630000
17,UCuy20QT7kmThd7ZkY0G7DZg,133000
18,UCL4ss3I2WQaWp2sw1SjHi5Q,245000
19,UConaGRzpWrIGU6ALkUASyYg,104000
20,UCJZE3JknxQq5Qrycx1uz2Sg,22400
21,UCmxA5dpdT_BVdqFlggHjtTw,1200
22,UCryItMG5CX-iF_7OzRTn9SA,234000
23,UCQuVITBfktYveqM3xFIGgyg,37300
24,UCTWooHSLR-d8BjemF5HzN9g,0
25,UCi8o8ntuLNTbUgc3VD6i-eQ,146000
26,UCwWhs_6x42TyRM4Wstoq8HA,7800000
27,UCynIYcsBwTrwBIecconPN2A,2570000
28,UCNcQkRqY3_Ozcnlo6STqlAQ,105000
29,UCXgaaEw-FRb4HXGo8ka-pfw,251000
0,UC-J0pIKmHc6_chLUCch_wNA,168000
1,UCUzMcAXn1QXeehPWMU57ygg,56200
2,UC90kVpd8-p3z19H4UE39zng,57700
3,UCyfIoPNszuAKpeaLobnvYxQ,63300
4,UC55Ugnz0PjMsfyZ1LCFDZTA,315000
5,UCSzYokfaH2v1521wqrh9fhA,24000
6,UCDOJkSTUNY3_NKawpkPvjHg,176000
7,UCynURu72A71GmEVQcsZXcKQ,117000
8,UCFsh-rJiy2S_xuZZMg6ERZg,0
9,UC9tIbZlzum_-xPfLsNbOwjg,86300
10,UCFDEkoNJ4e1VH6A6SUk9N4g,185
11,UCZ7B1oCEDT_d4c9XTtChX7w,383000
12,UCoh_z6QB0AGB1oxWufvbDUg,2050000
13,UCe4JoFm4FTM_2_iQO9P5dIg,33700
14,UCtuyWcm-zDwJB4eHkZaDmGg,5980
15,UCqEfdEvLG5oQWNYlDQrGlKw,1050000
16,UCI8dCgv5cGNE1CQ3TmSWJOg,439000
17,UC7O8RxRMCRilg0ucaNxGE9A,20600
18,UC1lgJkpCx_0SMzsvrTCdxPw,318000
19,UCD7-Ocp4InwPKzwiq_U-Abg,696000
20,UCqAbcgEp4NqCRnLG3NVJezw,310000
21,UCad4VUyyzWqenlkjfCTQ47A,162000
22,UCrPG99iyp64FDF8MrB9uVPA,339
23,UCXteDRy5qB0IjA8WPusCJ7w,1090000
24,UC14QT5j2nQI8lKBCGtrrBQA,734000
25,UCrR3bHE6ZJ30YUUTl-G2RVg,225000
26,UC3wEaRK3h93UehXbg9YRcmQ,104000
27,UCJk8dZsM8SIGzIBJ-rDcB3Q,579000
28,UCMo5MECD5pwhUVLaMqZo5Xg,1080000
29,UCIfuY0NRq1szr_6tzFy23NQ,86200
0,UCSkLRGGIGKOtinamhcy_42g,380000
1,UCljYHFazflmGaDr5Lo90KmA,5040000
2,UCG4fqU419F_vnBkIfSyR9Yg,426000
3,UCqly9F4Fr_jf2Y1Cy5hacRg,1070000
4,UC4QadOSsJu54Qs8z99shRiQ,1480000
5,UC499RUHBCxesTo_ppKPlfhg,123000
6,UCQBG3PzyQKY8ieMG2gDAyOQ,2290000
7,UCWbB8rGkcOc58YYS0QaCG3w,258000
8,UCR1zT1s524Hbc85bdvno_8w,1130000
9,UCQ3Kgx1G1NkELoJ8tJ3uelg,581000
10,UCyo6aLuDHbUoNTv-NR-Y0NA,1010000
11,UC0e87WXu_SJhrc8tb08qyaQ,122000
12,UC_giNzXnIMihPb8ERG_4kSw,48800
13,UCzw-C7fNfs018R1FzIKnlaA,12400000
14,UCz97F7dMxBNOfGYu3rx8aCw,4340000
15,UCcvLSRIWJIAGFDyWtzkbiHA,1600000
16,UCGbOTPDlBwkN-4N85dK6U7Q,231000
17,UCFtVzEblikHdro4J5HeMo4w,582000
18,UCZm4hXoFy5ynSaGXVfP-NGQ,57600
19,UCrPG99iyp64FDF8MrB9uVPA,339
20,UCutJqz56653xV2wwSvut_hQ,5390000
21,UCgMPP6RRjktV7krOfyUewqw,8710000
22,UCfVqLqmH2M9V-jlxGipZSGA,2370
23,UCQUdNis13Y2bXiV7fssSNCg,685000
24,UCroloVlHKUnvOMn5MtuvyDg,422000
25,UCibEhpu5HP45-w7Bq1ZIulw,6280000
26,UCgOfjIl0I_oG7VxIoaKaRsw,1140000
27,UCRVruzlQF5cqpw9jQgIgNdw,756000
28,UCx2eWrQGKO2IvTVjho3BeKw,3210
29,UC3wEaRK3h93UehXbg9YRcmQ,104000
0,UCxpIo6FFB7gMQz2Fy2X8XdQ,357000
1,UCUndCm0YDFKtKHNDvG2cE2Q,33500
2,UCfodSug0zXKfd8HpSay9JBg,374000
3,UCIRfNQcAO0Te-3abudINbJA,6590
4,UCpOjLndjOqMoffA-fr8cbKA,4340000
5,UCzXjPL7zo0bxhOYDxLJ9YEg,2840000
6,UCRgOqI54g1VqnQnwIB6WPSA,201000
7,UCSeDpnnXFVbLEbbvFvEEqKA,224000
8,UClX3YSREJp3ELuv2wFAYOzA,1280000
9,UCyo6aLuDHbUoNTv-NR-Y0NA,1010000
10,UCXteDRy5qB0IjA8WPusCJ7w,1090000
11,UC1pHFqCMAIHP8gr4lYGtNLA,3820000
12,UCLO1yCo0gDgpXhyM0fXfXXA,257000
13,UCJk8dZsM8SIGzIBJ-rDcB3Q,579000
14,UC2hA-6M66dE2Tt_4xM8K9wQ,68800
15,UCY5fcqgSrQItPAX_Z5Frmwg,1030000
16,UCGbOTPDlBwkN-4N85dK6U7Q,231000
17,UCaT2L0VybZmhQNbrr4gwnTQ,25900
18,UCqAbcgEp4NqCRnLG3NVJezw,310000
19,UCG4fqU419F_vnBkIfSyR9Yg,426000
20,UCl2aT0nRejTCQO_LHZAftBw,4010000
21,UCMKvT0YVLufHMdGLH89J1oA,298000
22,UC8_wmm5DX9mb4jrLiw8ZYzw,3020000
23,UCriA6OetuAB_S9UCnvR-HdQ,415000
24,UCr-QcqNToYablI-jU2VPVSw,647000
25,UC7RMi15o0aQacJhxOc6LLmw,446000
26,UCfCY70zRsvnnKzQ39mBq0rw,953000
27,UCrsnfPtox8SQrVl0WySNjgQ,87300
28,UCSRnJlqWYxj0p7SLBVttwnw,546
29,UCm7S9NqpjZcB3OQ1-2zAghA,87200
0,UCErkC29SJY8RGSpIJa9qJoA,129000
1,UCVk4F43Qz482FVlBV92shjQ,580
2,UCko_-udsBjrsKr2FGwE_lgg,9670
3,UCSoEDFXaMcHbAlWlduce2eg,519000
4,UC5e0xdyGS7OEgyLroMxwrbw,383000
5,UCvlctY0BTwLULhSSpZ6_wmw,357000
6,UCRDDfbYPHX_GUJ4lcQYTc8A,1880000
7,UCWvm8F_jPF3qYE5-2oMKqig,54600
8,UCYs35nWy7aTUBA4w8LcSCjQ,164000
9,UCQUA8cPZgNoYEW2OgX482ng,533000
10,UCljUAjufNh7VI0yElcAdlhg,340000
11,UCWaD_J0qRubgPr9DV_x9-Jw,9020
12,UCtinbF-Q-fVthA0qrFQTgXQ,12100000
13,UCVP_Fma2_-BEKWYc79JVQDw,805000
14,UCVSDXs3jKdbrKLz9DHTi-KQ,44500
15,UCXTsCXNGHmePgo3a47hnsAA,59200
16,UChFqyZDekCMt_z7sVO3JjBQ,879000
17,UC1Lp8HbCqOPBMT1W_mjb21A,581000
18,UCEfQOXTW4MaizNN7UVQIUaA,30600
19,UCWSPqhLRvqjC-vLYA5_n4LQ,344000
20,UCpRh2xmGtaVhFVuyCB271pw,590000
21,UCrR3bHE6ZJ30YUUTl-G2RVg,225000
22,UCdpwrfzRHaxrYl4cehVgjwg,29200
23,UCIdvUcYF5CmtYlTn_zhmJGA,12900
24,UCIcWsDvtbC5b8I_Z0Q5T6sA,3570
25,UCu6wvIjEus6kAIyrUGHbzxw,16100
26,UCad4VUyyzWqenlkjfCTQ47A,162000
27,UCMtFAi84ehTSYSE9XoHefig,7630000
28,UC9TSfpyxg_-3jG-eqDI2_RQ,390000
29,UCI5pX--ky1-KE8xu5ybTq2Q,272000
0,UC14QT5j2nQI8lKBCGtrrBQA,734000
1,UC2TCPeRl66OCXYXLIsQpd-A,104000
2,UCMo5MECD5pwhUVLaMqZo5Xg,1080000
3,UCT3eZqObkieYvtrTncLnoog,231000
4,UC4arQnli3ffEuCSrSgAD_Ug,243000
5,UC9lGDYAowYIQCwXnTRv3meg,1520
6,UCVMvBhhCs_jZTGlHFI6Fh7w,298000
7,UCuzZthEW8I4DIcffs-T_46Q,14300
8,UCMcWosflbve0JX78FFdJcCA,70700
9,UCrPG99iyp64FDF8MrB9uVPA,339
10,UCutJqz56653xV2wwSvut_hQ,5390000
11,UCgMPP6RRjktV7krOfyUewqw,8710000
12,UCfVqLqmH2M9V-jlxGipZSGA,2370
13,UCQUdNis13Y2bXiV7fssSNCg,685000
14,UCroloVlHKUnvOMn5MtuvyDg,422000
15,UCibEhpu5HP45-w7Bq1ZIulw,6280000
16,UCgOfjIl0I_oG7VxIoaKaRsw,1140000
17,UCRVruzlQF5cqpw9jQgIgNdw,756000
18,UCx2eWrQGKO2IvTVjho3BeKw,3210
19,UC3wEaRK3h93UehXbg9YRcmQ,104000
20,UCxpIo6FFB7gMQz2Fy2X8XdQ,357000
21,UCUndCm0YDFKtKHNDvG2cE2Q,33500
22,UCfodSug0zXKfd8HpSay9JBg,374000
23,UCIRfNQcAO0Te-3abudINbJA,6590
24,UCpOjLndjOqMoffA-fr8cbKA,4340000
25,UCzXjPL7zo0bxhOYDxLJ9YEg,2840000
26,UCRgOqI54g1VqnQnwIB6WPSA,201000
27,UCSeDpnnXFVbLEbbvFvEEqKA,224000
28,UClX3YSREJp3ELuv2wFAYOzA,1280000
29,UCyo6aLuDHbUoNTv-NR-Y0NA,1010000
0,UCXteDRy5qB0IjA8WPusCJ7w,1090000
1,UC1pHFqCMAIHP8gr4lYGtNLA,3820000
2,UCLO1yCo0gDgpXhyM0fXfXXA,257000
3,UCJk8dZsM8SIGzIBJ-rDcB3Q,579000
4,UC2hA-6M66dE2Tt_4xM8K9wQ,68800
5,UCY5fcqgSrQItPAX_Z5Frmwg,1030000
6,UCGbOTPDlBwkN-4N85dK6U7Q,231000
7,UCaT2L0VybZmhQNbrr4gwnTQ,25900
8,UCqAbcgEp4NqCRnLG3NVJezw,310000
9,UCG4fqU419F_vnBkIfSyR9Yg,426000
10,UCl2aT0nRejTCQO_LHZAftBw,4010000
11,UC6SmH9mR82nj28_NNg_rZvA,681000
12,UCXBgKqFxSjKADEuMLkc1Bpg,412000
13,UCVdQRexx_XYLRGk1ouo4iSA,52900
14,UC8k5Hd0UtZLrUvZHhsHfgzA,84200
15,UC3wEaRK3h93UehXbg9YRcmQ,104000
16,UCsX8MJHEI5UukXoF3HLnTvg,496000
17,UCvc33FeURfaIN5M8x9wGVjQ,266000
18,UCXzU-b8I0Y_fhMkLQMYt3vA,1350000
19,UCMo5MECD5pwhUVLaMqZo5Xg,1080000
20,UCWKc_h8m97tvrjZ9rfgdhIA,167000
21,UCNt2ZN3usTdTdRV9HJvYAsQ,34300
22,UCMjPaH_cobWKILEnIa-RIMg,45600
23,UCd9BXPj-KcMTh0HiB-Vlb8A,1040000
24,UCs4KWxdP-lRc-dgLXE5i8Wg,2430000
25,UCLhgIX2L5ZCaWdlaxR_oTAg,465000
26,UC0FFHRF1mytLDhs6nxqGIQg,209000
27,UCQ3Kgx1G1NkELoJ8tJ3uelg,581000
28,UCcxInxoZ8Rar3gKYWICbBZg,37100
29,UC2TCPeRl66OCXYXLIsQpd-A,104000
0,UCHzevlEL9JfsBIm86uNCJqg,130000
1,UCrPG99iyp64FDF8MrB9uVPA,339
2,UCfCOQPrgiA9YydjXQ6g87fg,167000
3,UC9hjXy61UPW7iLfWswKzhww,1590000
4,UCPSlLJBY8_4OPIt6aqmQpdA,126000
5,UC4QadOSsJu54Qs8z99shRiQ,1480000
6,UCTv-XvfzLX3i4IGWAm4sbmA,5620000
7,UCu0ePEW18Q8DUkdJzuXywYw,68300
8,UCMsuwHzQPFMDtHaoR7_HDxg,1240000
9,UCIS8BB4C2cuzeILjQV9pxGA,85300
10,UCCD76tKlE45u1YTX0cVh1OQ,201000
11,UCzXjPL7zo0bxhOYDxLJ9YEg,2840000
12,UCPIRD4yr1hlAEovBCSNlAKg,1560000
13,UCsTM1roCxoot1-03EO5zQxg,624000
14,UCroloVlHKUnvOMn5MtuvyDg,422000
15,UCLdnL7RNgh616cUbJJUGPRg,286000
16,UCkkxn2ldlFUMupTlXU8meAw,952000
17,UCKtKKtjaaPKA1Oj8Ldnfsdg,478000
18,UCt-1ijH9G4J6Uy6KzDMHwCw,389000
19,UC7_mFzmj89tqAqgpl5695QQ,239000
20,UCSoEDFXaMcHbAlWlduce2eg,519000
21,UCsSuev_h2XixlD6FFGADI6w,448000
22,UCUtLYlzPOIDkHoVGANN4axw,147000
23,UCNqmECMUi1zWc64qSU8c05w,20400
24,UCnEt_KImHuLS-U8jXm5X0RA,709000
25,UCqRBWtTdNgdy242-CE4fvTA,179000
26,UCYs35nWy7aTUBA4w8LcSCjQ,164000
27,UCjpPqow_Rlv0A9RePeJ6nAA,254000
28,UCfodSug0zXKfd8HpSay9JBg,374000
29,UCXcjvt8cOfwtcqaMeE7-hqA,824000
0,UCgMPP6RRjktV7krOfyUewqw,8710000
1,UCpsfNxZvl63m2TCAPmZTd4g,10300
2,UCSYCOHHulAU-vAKeeaR65Wg,301000
3,UCx3LKgU243gC-kKhhFD4NWQ,40400
4,UCutJqz56653xV2wwSvut_hQ,5390000
5,UC4B3koT1xEv0hkQsUSlECHA,232000
6,UC4hQbfN_ZRy4lSngWxuhHxA,384000
7,UCljUAjufNh7VI0yElcAdlhg,340000
8,UCpxsIJMZo-plwhZsKXs3CLQ,13400
9,UCJZE3JknxQq5Qrycx1uz2Sg,22400
10,UCcFqQcSh5U4lkAU2QXHL6-g,163000
11,UCNcQkRqY3_Ozcnlo6STqlAQ,105000
12,UC707xK9t2yW35T1aAHPzFQg,760000
13,UCWsJsG1wJyO2BydSGqfAmRA,29000
14,UC1VAL4j9yiPQVKMtIS1yUOA,522000
15,UC6QGc5RYx85wrttJ4hfA9rA,2790
16,UC6SmH9mR82nj28_NNg_rZvA,681000
17,UCXBgKqFxSjKADEuMLkc1Bpg,412000
18,UCVdQRexx_XYLRGk1ouo4iSA,52900
19,UC8k5Hd0UtZLrUvZHhsHfgzA,84200
20,UC3wEaRK3h93UehXbg9YRcmQ,104000
21,UCsX8MJHEI5UukXoF3HLnTvg,496000
22,UCvc33FeURfaIN5M8x9wGVjQ,266000
23,UCXzU-b8I0Y_fhMkLQMYt3vA,1350000
24,UCMo5MECD5pwhUVLaMqZo5Xg,1080000
25,UCWKc_h8m97tvrjZ9rfgdhIA,167000
26,UCNt2ZN3usTdTdRV9HJvYAsQ,34300
27,UCMjPaH_cobWKILEnIa-RIMg,45600
28,UCd9BXPj-KcMTh0HiB-Vlb8A,1040000
29,UCs4KWxdP-lRc-dgLXE5i8Wg,2430000
0,UCLhgIX2L5ZCaWdlaxR_oTAg,465000
1,UC0FFHRF1mytLDhs6nxqGIQg,209000
2,UCQ3Kgx1G1NkELoJ8tJ3uelg,581000
3,UCcxInxoZ8Rar3gKYWICbBZg,37100
4,UC2TCPeRl66OCXYXLIsQpd-A,104000
5,UCHzevlEL9JfsBIm86uNCJqg,130000
6,UCrPG99iyp64FDF8MrB9uVPA,339
7,UCfCOQPrgiA9YydjXQ6g87fg,167000
8,UC9hjXy61UPW7iLfWswKzhww,1590000
9,UCPSlLJBY8_4OPIt6aqmQpdA,126000
10,UC4QadOSsJu54Qs8z99shRiQ,1480000
11,UCpHIBpOqu0ablP2HOR985Rg,751
12,UC3wEaRK3h93UehXbg9YRcmQ,104000
13,UCibEhpu5HP45-w7Bq1ZIulw,6280000
14,UC0e87WXu_SJhrc8tb08qyaQ,122000
15,UCRcqkIwvavvCDUu2yMvl34w,1360
16,UCaak9sggUeIBPOd8iK_BXcQ,3520000
17,UC2KxdiFxT-5ymlYbzWKIf9A,207000
18,UCRT-74ovdMKOFBC96w_gfyQ,402000
19,UCXua9WNskyonbW19gjRBHfg,16300
20,UCAE3Nq-r0b_580iOxBnE5Sw,0
21,UCoh_z6QB0AGB1oxWufvbDUg,2050000
22,UC6SmH9mR82nj28_NNg_rZvA,681000
23,UC2v_FEM2obGMne07CgXU8hw,63600
24,UCkH3CcMfqww9RsZvPRPkAJA,1480000
25,UC8k5Hd0UtZLrUvZHhsHfgzA,84200
26,UCNqmECMUi1zWc64qSU8c05w,20400
27,UCgJT29ypj-ZGNX5y8GHapKA,662000
28,UCQUdNis13Y2bXiV7fssSNCg,685000
29,UCroloVlHKUnvOMn5MtuvyDg,422000
0,UCwTDfpw2NE41h02-lWBJpFg,154000
1,UCMjPaH_cobWKILEnIa-RIMg,45600
2,UCTUHN-d0rujv4DZI-sEY53A,0
3,UCSoEDFXaMcHbAlWlduce2eg,519000
4,UCP1PN9Um8z8Li-20Yauqa6A,1050000
5,UC-km1012mEUQQLGxggmrazw,739000
6,UC6YuttrRJ_LZNddA_DJ_VSQ,2000000
7,UCXBgKqFxSjKADEuMLkc1Bpg,412000
8,UCucL8Ib4JOigpW0pgjI46xA,1380000
9,UC9S3u0sQzLKE-7eu_SHi-wg,134000
10,UCljUAjufNh7VI0yElcAdlhg,340000
11,UCkkxn2ldlFUMupTlXU8meAw,952000
12,UCkhvff686tv-QIK3koac5lQ,27700
13,UCwFPk397w7Dg5gi6vd-1Xcw,207000
14,UCBBM6I8aFFYHQ011WUsgoWw,13600
15,UCTHCOPwqNfZ0uiKOvFyhGwg,499000
16,UCMKvT0YVLufHMdGLH89J1oA,298000
17,UCosdY-UuH21-lOwfXwYjiBw,12500
18,UCVP_Fma2_-BEKWYc79JVQDw,805000
19,UClS-7TfM2g2plTGguaBPfqg,7820
20,UCs4ms7uVxO8wVvQoEocz8jw,309000
21,UChlgI3UHCOnwUGzWzbJ3H5w,1800000
22,UC1Lp8HbCqOPBMT1W_mjb21A,581000
23,UCCRb6nYKaT8tzLA8CwDdUtw,2780000
24,UCTQVIXvcHrR9jYoJ6qaBAow,5860000
25,UCKtKKtjaaPKA1Oj8Ldnfsdg,478000
26,UCyjqvcOieGYO7wot-RUgsPg,45100
27,UCPfja6yTg5pwDjQuVPHsQWw,23700
28,UCPs6BouVj4Gl96zGwwzSWJg,37000
29,UCjB2xW4I9pqsP_lWonMJJPA,0
0,UCvc33FeURfaIN5M8x9wGVjQ,266000
1,UCPNpIv6idBglQyQWDKuEYcg,24600
2,UCZoaq0ZN9OdFo15DmoPCWig,49300
3,UCWU3QKablvVEK6JcEyEC58w,513000
4,UCFWOTgjYbVwV5ZYd-WRtpLA,323000
5,UCUzMcAXn1QXeehPWMU57ygg,56200
6,UCtmXnwe5EYXUc52pq-S2RAg,443000
7,UCNew84XbL3knLtwbFh8fhLQ,64900
8,UC4QadOSsJu54Qs8z99shRiQ,1480000
9,UCP1PN9Um8z8Li-20Yauqa6A,1050000
10,UCpHIBpOqu0ablP2HOR985Rg,751
11,UC3wEaRK3h93UehXbg9YRcmQ,104000
12,UC4YaOt1yT-ZeyB0OmxHgolA,2750000
13,UCad4VUyyzWqenlkjfCTQ47A,162000
14,UCroloVlHKUnvOMn5MtuvyDg,422000
15,UCXua9WNskyonbW19gjRBHfg,16300
16,UC0e87WXu_SJhrc8tb08qyaQ,122000
17,UC2KxdiFxT-5ymlYbzWKIf9A,207000
18,UCMjPaH_cobWKILEnIa-RIMg,45600
19,UCRgOqI54g1VqnQnwIB6WPSA,201000
20,UCLdnL7RNgh616cUbJJUGPRg,286000
21,UConaGRzpWrIGU6ALkUASyYg,104000
22,UCaak9sggUeIBPOd8iK_BXcQ,3520000
23,UClX3YSREJp3ELuv2wFAYOzA,1280000
24,UCibEhpu5HP45-w7Bq1ZIulw,6280000
25,UCq44eNlrF-7VsVQ6i5on-pA,308000
26,UCT2ufNhLUwPZGhNvO_B2vnA,39300
27,UCKtKKtjaaPKA1Oj8Ldnfsdg,478000
28,UCFTVNLC7ysej-sD5lkLqNGA,5470000
29,UCfkM3u-0uSKADDitZLpXcfA,551000
0,UCUz13KPT3QQ7qag7rImH6kA,64800
1,UCosdY-UuH21-lOwfXwYjiBw,12500
2,UCOn5jBE3jARWrcKoAKbqLow,65900
3,UCGdZ_-svzY_hPLYVSKvMFvw,434000
4,UCljUAjufNh7VI0yElcAdlhg,340000
5,UC1Lp8HbCqOPBMT1W_mjb21A,581000
6,UCoh_z6QB0AGB1oxWufvbDUg,2050000
7,UCEf_Bc-KVd7onSeifS3py9g,22900000
8,UCULo-2LbjVtVsdSsVTYVFmQ,52100
9,UCZJLOAUdvQHrIXQs3Hq17Hw,0
10,UCQatgKoA7lylp_UzvsLCgcw,3690000
11,UCeEw2Utee_-P8-KZYTzuUsw,388000
12,UCpolM1uWKK0bzhmAwWuPglw,36100
13,UCAE3Nq-r0b_580iOxBnE5Sw,0
14,UCRcqkIwvavvCDUu2yMvl34w,1360
15,UC_0dMLkaEkXvkjjmTg7Peiw,6010
16,UC6SmH9mR82nj28_NNg_rZvA,681000
17,UCxpPvd1GuFf9gpB5cFdsecA,54600
18,UCRT-74ovdMKOFBC96w_gfyQ,402000
19,UC3ZkCd7XtUREnjjt3cyY_gg,29700000
20,UC2v_FEM2obGMne07CgXU8hw,63600
21,UCkH3CcMfqww9RsZvPRPkAJA,1480000
22,UCokK-tAztZYbWNs7tLpI5dA,44000
23,UCKL5hAuzgFQsyrsQKgU0Qng,17700000
24,UC8k5Hd0UtZLrUvZHhsHfgzA,84200
25,UCTUHN-d0rujv4DZI-sEY53A,0
26,UCxUzQ3wu0oJP_8YLWt71WgQ,1280000
27,UCQUdNis13Y2bXiV7fssSNCg,685000
28,UCwTDfpw2NE41h02-lWBJpFg,154000
29,UCSoEDFXaMcHbAlWlduce2eg,519000
0,UCgJT29ypj-ZGNX5y8GHapKA,662000
1,UC-km1012mEUQQLGxggmrazw,739000
2,UC2TCPeRl66OCXYXLIsQpd-A,104000
3,UCNqmECMUi1zWc64qSU8c05w,20400
4,UCtmXnwe5EYXUc52pq-S2RAg,443000
5,UCNew84XbL3knLtwbFh8fhLQ,64900
6,UC4QadOSsJu54Qs8z99shRiQ,1480000
7,UCP1PN9Um8z8Li-20Yauqa6A,1050000
8,UCpHIBpOqu0ablP2HOR985Rg,751
9,UC3wEaRK3h93UehXbg9YRcmQ,104000
10,UC4YaOt1yT-ZeyB0OmxHgolA,2750000
11,UCad4VUyyzWqenlkjfCTQ47A,162000
12,UCroloVlHKUnvOMn5MtuvyDg,422000
13,UCXua9WNskyonbW19gjRBHfg,16300
14,UC0e87WXu_SJhrc8tb08qyaQ,122000
15,UC2KxdiFxT-5ymlYbzWKIf9A,207000
16,UCMjPaH_cobWKILEnIa-RIMg,45600
17,UCRgOqI54g1VqnQnwIB6WPSA,201000
18,UCLdnL7RNgh616cUbJJUGPRg,286000
19,UConaGRzpWrIGU6ALkUASyYg,104000
20,UCaak9sggUeIBPOd8iK_BXcQ,3520000
21,UClX3YSREJp3ELuv2wFAYOzA,1280000
22,UCibEhpu5HP45-w7Bq1ZIulw,6280000
23,UCq44eNlrF-7VsVQ6i5on-pA,308000
24,UCT2ufNhLUwPZGhNvO_B2vnA,39300
25,UCKtKKtjaaPKA1Oj8Ldnfsdg,478000
26,UCFTVNLC7ysej-sD5lkLqNGA,5470000
27,UCfkM3u-0uSKADDitZLpXcfA,551000
28,UCA-uTlDQLuBwwMc5xGS9deQ,161000
29,UCTDMT3aL30noTVFgNPA9XtQ,581000
0,UCLYlpN8yN536YoJd6FtiKwg,814000
1,UCv2ejD5B1xOYtGB2cf80B8g,557000
2,UCtmXnwe5EYXUc52pq-S2RAg,443000
3,UCwWsJ1jH1fRUm55-jY0XS2w,81500
4,UCvCcV8SLOZK2WDCDFRtD5Ow,15300
5,UC1NtXVnJ-VffY4fCmI2tLxw,162000
6,UCkH3CcMfqww9RsZvPRPkAJA,1480000
7,UCEAvwlv0ZtJrSsgaA2CewOw,1140000
8,UCwB_AlxvT3A1uEcI9rA_7hg,1320000
9,UCDRWhpjy_lU_phS3O31AjRQ,192000
10,UC4QadOSsJu54Qs8z99shRiQ,1480000
11,UCrEU0b3lpZyrFh7VImwWkxA,364000
12,UCMhqF72AY_Yf_8BiYpuwy_A,41300
13,UC7vVhkEfw4nOGp8TyDk7RcQ,1760000
14,UCrCsCSVdTweNCVO4LgrG2ug,18600
15,UCg9mwxF0uacG3Q4N91wo2TQ,1140000
16,UCdu8igwBhwFtF_s1QYrRfAQ,73900
17,UCHvFSU5OP6c7QcJxIr87YtA,365000
18,UCQUdNis13Y2bXiV7fssSNCg,685000
19,UCy71JJO1ef3eH1p84gM4QOg,323000
20,UCLdnL7RNgh616cUbJJUGPRg,286000
21,UCfCY70zRsvnnKzQ39mBq0rw,953000
22,UCKZRL75vTjqbgd0WVdqF3Qg,1500000
23,UCQ3Kgx1G1NkELoJ8tJ3uelg,581000
24,UCEH8O1Z3yM14mH671CaSf4Q,108000
25,UC8_wmm5DX9mb4jrLiw8ZYzw,3020000
26,UCvlctY0BTwLULhSSpZ6_wmw,357000
27,UCSoEDFXaMcHbAlWlduce2eg,519000
28,UC9I5l3CeCsxFdE0p0USWC9g,175000
29,UCxBR2bnAFAavDHpHtQrTA9Q,489000
0,UCp6993wxpyDPHUpavwDFqgg,368000
1,UC26ZU-55UPc7lVR9inHWayA,1570000
2,UCBNVHtuiZTp8CFGY0Su_08g,1180000
3,UCryItMG5CX-iF_7OzRTn9SA,234000
4,UCg49h2KFnB3SH1efaI_njVg,25100
5,UCljUAjufNh7VI0yElcAdlhg,340000
6,UC4YaOt1yT-ZeyB0OmxHgolA,2750000
7,UC4arQnli3ffEuCSrSgAD_Ug,243000
8,UCP1PN9Um8z8Li-20Yauqa6A,1050000
9,UCpolM1uWKK0bzhmAwWuPglw,36100
10,UCv5XfaorU_67je3AfovCEAQ,9810
11,UCcfGMS51eSQAaU0QojKaiKw,115000
12,UC8XBizOfQBLUrUcv_9DHCog,179000
13,UCSoEDFXaMcHbAlWlduce2eg,519000
14,UC9I5l3CeCsxFdE0p0USWC9g,175000
15,UCxBR2bnAFAavDHpHtQrTA9Q,489000
16,UCTvC3XC9hQGeMqG1LDGHMzg,478000
0,UC6z9hHYTAV8eW--F4JndgiQ,113000
1,UCo9SKZWc4JaiefenSUwCKSg,36500
2,UCNcQkRqY3_Ozcnlo6STqlAQ,105000
3,UCKtKKtjaaPKA1Oj8Ldnfsdg,478000
4,UCNew84XbL3knLtwbFh8fhLQ,64900
5,UChFqyZDekCMt_z7sVO3JjBQ,879000
6,UC0Lo41A_5qVbdgl2p75UXaA,6490
7,UCynURu72A71GmEVQcsZXcKQ,117000
8,UCdIg25jnHpfVpnHNoCakU4Q,0
9,UC6Ku2vOly1mGc-tZMmozoug,10700
10,UC1lgJkpCx_0SMzsvrTCdxPw,318000
11,UCdivz7DDJG35Vkvng0eMmuA,270000
12,UCcQk-aaFPn2gJb1cfsHkiaQ,21500
13,UCjSUHGlaOM7nDZtzpreA9Jw,28900
14,UCqHDeUer8bgaqswSuFP7FxQ,74500
15,UCnAuhJDMQ_BY_9e1uI1kt4w,152000
16,UCrGPz6YlvFnNRx_TlheGjpw,509000
17,UCCjh8thaceGBC9qsjElIPdg,27000
18,UC9otcP-so8g8qV8wNUkWyqw,3220
19,UCWsJsG1wJyO2BydSGqfAmRA,29000
20,UCi623vUlmMZGgZbVcmzHc7Q,2270000
21,UCxhygwqQ1ZMoBGQM2yEcNug,12600000
22,UC4Xof8DXNeUhANhpTUvAlQw,12400
23,UCzCa7TOgw17MxtddnTvVHtg,39800
24,UCA-uTlDQLuBwwMc5xGS9deQ,161000
25,UCTDMT3aL30noTVFgNPA9XtQ,581000
26,UCLYlpN8yN536YoJd6FtiKwg,814000
27,UCv2ejD5B1xOYtGB2cf80B8g,557000
28,UCtmXnwe5EYXUc52pq-S2RAg,443000
29,UCwWsJ1jH1fRUm55-jY0XS2w,81500
0,UCvCcV8SLOZK2WDCDFRtD5Ow,15300
1,UC1NtXVnJ-VffY4fCmI2tLxw,162000
2,UCkH3CcMfqww9RsZvPRPkAJA,1480000
3,UCEAvwlv0ZtJrSsgaA2CewOw,1140000
4,UCwB_AlxvT3A1uEcI9rA_7hg,1320000
5,UCDRWhpjy_lU_phS3O31AjRQ,192000
6,UC4QadOSsJu54Qs8z99shRiQ,1480000
7,UCrEU0b3lpZyrFh7VImwWkxA,364000
8,UCMhqF72AY_Yf_8BiYpuwy_A,41300
9,UC7vVhkEfw4nOGp8TyDk7RcQ,1760000
10,UCrCsCSVdTweNCVO4LgrG2ug,18600
11,UCg9mwxF0uacG3Q4N91wo2TQ,1140000
12,UCdu8igwBhwFtF_s1QYrRfAQ,73900
13,UCHvFSU5OP6c7QcJxIr87YtA,365000
14,UCQUdNis13Y2bXiV7fssSNCg,685000
15,UCy71JJO1ef3eH1p84gM4QOg,323000
16,UCLdnL7RNgh616cUbJJUGPRg,286000
17,UCfCY70zRsvnnKzQ39mBq0rw,953000
18,UC_IRYSp4auq7hKLvziWVH6w,4800000
19,UCP1PN9Um8z8Li-20Yauqa6A,1050000
20,UCosdY-UuH21-lOwfXwYjiBw,12500
21,UCFtVzEblikHdro4J5HeMo4w,582000
22,UCG-5D9k_fL4FnMeNuraeAtA,284000
23,UCt-1ijH9G4J6Uy6KzDMHwCw,389000
24,UCKnWSFlKxYU2pR_1XEbSbEA,16100
25,UCljUAjufNh7VI0yElcAdlhg,340000
26,UCxOjoraUPd0Dq9PAyIhC6tQ,808000
27,UCcFqQcSh5U4lkAU2QXHL6-g,163000
28,UCEH8O1Z3yM14mH671CaSf4Q,108000
29,UC0e87WXu_SJhrc8tb08qyaQ,122000
0,UCynURu72A71GmEVQcsZXcKQ,117000
1,UCKtKKtjaaPKA1Oj8Ldnfsdg,478000
2,UCLsm0KqzHm5dYwEiKgVNWgw,180
3,UCQUdNis13Y2bXiV7fssSNCg,685000
4,UCQ3Kgx1G1NkELoJ8tJ3uelg,581000
5,UCmv1CLT6ZcFdTJMHxaR9XeA,18000000
6,UC1WkFVOCTPdY782AJ1PZ-JQ,215000
7,UCK7olrAXy2LFsBtVx9g9xjA,17000
8,UCx9u_-L46feayiuj7wb7-bQ,163000
9,UCXBgKqFxSjKADEuMLkc1Bpg,412000
10,UCqMdNkWN6Yf5m6oLHd3jafQ,75500
11,UCGL2699xGK-6p0AAnTVS5-g,151000
12,UC1Lp8HbCqOPBMT1W_mjb21A,581000
13,UCNcQkRqY3_Ozcnlo6STqlAQ,105000
14,UCvOX0NWMvYrgSV15vuxV4Pg,498000
15,UC2TCPeRl66OCXYXLIsQpd-A,104000
16,UCWbB8rGkcOc58YYS0QaCG3w,258000
17,UC4WCYBs0R6fABHwqnneUiEA,79000
18,UCRdi8XLahe1R4DhoujH41zQ,12000
19,UCIS8BB4C2cuzeILjQV9pxGA,85300
20,UCIEmSQYznT9cuTZzBN-x3SQ,102000
21,UC499RUHBCxesTo_ppKPlfhg,123000
22,UC4RPGrLD_1DClMeriws-B7w,41000
23,UCz2ByBI15WnNt2RU_l4bKqA,275000
24,UCGbOTPDlBwkN-4N85dK6U7Q,231000
25,UC3Ruo_5doyu514PesWGvCAg,274000
26,UCLdnL7RNgh616cUbJJUGPRg,286000
27,UCrHZjJf0sNsHtfsKHwqe4fA,47400
28,UCXzU-b8I0Y_fhMkLQMYt3vA,1350000
29,UCosy7jwSdXUbLbJBYgyRcnw,1040000
0,UCLkAepWjdylmXSltofFvsYQ,31800000
1,UCT0x6RQTeoZByaYt_k1Ranw,2420000
2,UCM_Ll26nXOkscq0YSpBmgyg,376000
3,UC4NpGzqd6nnntf8ehYC50-A,84800
4,UCw6Y7niyneaJezhnkBSOqkQ,120000
5,UC7mbr3aTEw8NR9bmGwviQJA,117000
6,UCS9UJIrEWc_mwEUj2_L-AoQ,2330
7,UConaGRzpWrIGU6ALkUASyYg,104000
8,UCGtR6nWT6vylkyVJxhALe_Q,10000
9,UCQuVITBfktYveqM3xFIGgyg,37300
10,UCXgaaEw-FRb4HXGo8ka-pfw,251000
11,UCSb0C-OcSbskaSVd7oP0VUA,1560
12,UC2v_FEM2obGMne07CgXU8hw,63600
13,UCGp6ZhNXsysV7nKMrUOlT-A,8530
14,UC_IRYSp4auq7hKLvziWVH6w,4800000
15,UCP1PN9Um8z8Li-20Yauqa6A,1050000
16,UCosdY-UuH21-lOwfXwYjiBw,12500
17,UCFtVzEblikHdro4J5HeMo4w,582000
18,UCG-5D9k_fL4FnMeNuraeAtA,284000
19,UCt-1ijH9G4J6Uy6KzDMHwCw,389000
20,UCKnWSFlKxYU2pR_1XEbSbEA,16100
21,UCljUAjufNh7VI0yElcAdlhg,340000
22,UCxOjoraUPd0Dq9PAyIhC6tQ,808000
23,UCcFqQcSh5U4lkAU2QXHL6-g,163000
24,UCEH8O1Z3yM14mH671CaSf4Q,108000
25,UC0e87WXu_SJhrc8tb08qyaQ,122000
26,UCynURu72A71GmEVQcsZXcKQ,117000
27,UCKtKKtjaaPKA1Oj8Ldnfsdg,478000
28,UCLsm0KqzHm5dYwEiKgVNWgw,180
29,UCQUdNis13Y2bXiV7fssSNCg,685000
0,UCQ3Kgx1G1NkELoJ8tJ3uelg,581000
1,UCmv1CLT6ZcFdTJMHxaR9XeA,18000000
2,UC1WkFVOCTPdY782AJ1PZ-JQ,215000
3,UCK7olrAXy2LFsBtVx9g9xjA,17000
4,UCx9u_-L46feayiuj7wb7-bQ,163000
5,UCXBgKqFxSjKADEuMLkc1Bpg,412000
6,UCqMdNkWN6Yf5m6oLHd3jafQ,75500
7,UCGL2699xGK-6p0AAnTVS5-g,151000
8,UC1Lp8HbCqOPBMT1W_mjb21A,581000
9,UCNcQkRqY3_Ozcnlo6STqlAQ,105000
10,UCvOX0NWMvYrgSV15vuxV4Pg,498000
11,UC2TCPeRl66OCXYXLIsQpd-A,104000
12,UCWbB8rGkcOc58YYS0QaCG3w,258000
13,UC4WCYBs0R6fABHwqnneUiEA,79000
14,UCRdi8XLahe1R4DhoujH41zQ,12000
15,UCIS8BB4C2cuzeILjQV9pxGA,85300
16,UCIEmSQYznT9cuTZzBN-x3SQ,102000
17,UC499RUHBCxesTo_ppKPlfhg,123000
18,UC4RPGrLD_1DClMeriws-B7w,41000
19,UCz2ByBI15WnNt2RU_l4bKqA,275000
20,UCGbOTPDlBwkN-4N85dK6U7Q,231000
21,UC3Ruo_5doyu514PesWGvCAg,274000
22,UCLdnL7RNgh616cUbJJUGPRg,286000
23,UCrHZjJf0sNsHtfsKHwqe4fA,47400
24,UCXzU-b8I0Y_fhMkLQMYt3vA,1350000
25,UCosy7jwSdXUbLbJBYgyRcnw,1040000
26,UCLkAepWjdylmXSltofFvsYQ,31800000
27,UCT0x6RQTeoZByaYt_k1Ranw,2420000
28,UCM_Ll26nXOkscq0YSpBmgyg,376000
29,UC4NpGzqd6nnntf8ehYC50-A,84800
0,UCw6Y7niyneaJezhnkBSOqkQ,120000
1,UC7mbr3aTEw8NR9bmGwviQJA,117000
2,UCS9UJIrEWc_mwEUj2_L-AoQ,2330
3,UConaGRzpWrIGU6ALkUASyYg,104000
4,UCGtR6nWT6vylkyVJxhALe_Q,10000
5,UCQuVITBfktYveqM3xFIGgyg,37300
6,UCXgaaEw-FRb4HXGo8ka-pfw,251000
7,UCSb0C-OcSbskaSVd7oP0VUA,1560
8,UC2v_FEM2obGMne07CgXU8hw,63600
9,UCGp6ZhNXsysV7nKMrUOlT-A,8530
10,UCjnJ4buqbnpRVaT3IDUQPZQ,336000
11,UCRT-74ovdMKOFBC96w_gfyQ,402000
12,UCfs9huvAm_O4EGeoTdF3ZZg,0
13,UC1-4AnMxkLXLNL3-7UJ4KTQ,1390000
14,UC5Y35HzjHnxi2Dk8Xk8Cllw,1520000
15,UCosy7jwSdXUbLbJBYgyRcnw,1040000
16,UCGGhM6XCSJFQ6DTRffnKRIw,2970000
17,UCp_RW49IudjKEw_yal7tfFw,984000
18,UCIS8BB4C2cuzeILjQV9pxGA,85300
19,UCP1PN9Um8z8Li-20Yauqa6A,1050000
20,UCKjNkGY645qPhT3OaB2QGzg,188000
21,UC4QadOSsJu54Qs8z99shRiQ,1480000
22,UC94pY6IRKSJbZ1V36yQA1wg,22500
23,UCroloVlHKUnvOMn5MtuvyDg,422000
24,UCosdY-UuH21-lOwfXwYjiBw,12500
25,UCF5_b1FCKAX_GvRu7ePMG3w,52600
26,UCL4ss3I2WQaWp2sw1SjHi5Q,245000
27,UCl47iLmJUzbgP8XyR-kRCQA,535000
28,UCC9SB7UVkUvmF7tXTXs0umA,157000
0,UCqD72KlQed6DB-cPEaEYdEg,739000
1,UCFtVzEblikHdro4J5HeMo4w,582000
2,UCULo-2LbjVtVsdSsVTYVFmQ,52100
3,UCppWotLicHLP4U4OBCDUdKg,83000
4,UCR1zT1s524Hbc85bdvno_8w,1130000
5,UCynURu72A71GmEVQcsZXcKQ,117000
6,UC1WkFVOCTPdY782AJ1PZ-JQ,215000
7,UCljUAjufNh7VI0yElcAdlhg,340000
8,UCdV_Sc1tEENX5LOzB-YLiaQ,437000
9,UCHvFSU5OP6c7QcJxIr87YtA,365000
10,UCkkxn2ldlFUMupTlXU8meAw,952000
11,UCQUdNis13Y2bXiV7fssSNCg,685000
12,UCG-5D9k_fL4FnMeNuraeAtA,284000
13,UCcFqQcSh5U4lkAU2QXHL6-g,163000
14,UC0JR9ZTJIvB9VX8xz7LyujA,487000
15,UC0e87WXu_SJhrc8tb08qyaQ,122000
16,UCRDDfbYPHX_GUJ4lcQYTc8A,1880000
17,UCKnWSFlKxYU2pR_1XEbSbEA,16100
18,UCKtKKtjaaPKA1Oj8Ldnfsdg,478000
19,UCx9u_-L46feayiuj7wb7-bQ,163000
20,UCt-1ijH9G4J6Uy6KzDMHwCw,389000
21,UCmv1CLT6ZcFdTJMHxaR9XeA,18000000
22,UCQ3Kgx1G1NkELoJ8tJ3uelg,581000
23,UCK7olrAXy2LFsBtVx9g9xjA,17000
24,UC4RPGrLD_1DClMeriws-B7w,41000
25,UCRP1_F2B5sJt2_336_zDAvQ,1740
26,UConaGRzpWrIGU6ALkUASyYg,104000
27,UC1Lp8HbCqOPBMT1W_mjb21A,581000
28,UCGL2699xGK-6p0AAnTVS5-g,151000
29,UCqMdNkWN6Yf5m6oLHd3jafQ,75500
0,UCWh7Y7qan9WNxXOucn15O3A,1470000
1,UCT0x6RQTeoZByaYt_k1Ranw,2420000
2,UCj-BQGbXXIuMFS04ZgvIeRg,1710000
3,UCvOX0NWMvYrgSV15vuxV4Pg,498000
4,UCzgxx_DM2Dcb9Y1spb9mUJA,7730000
5,UCIe8Xx2ls5Nxs_l20MvrBHA,90300
6,UCNcQkRqY3_Ozcnlo6STqlAQ,105000
7,UCKL5hAuzgFQsyrsQKgU0Qng,17700000
8,UCXBgKqFxSjKADEuMLkc1Bpg,412000
9,UCjnJ4buqbnpRVaT3IDUQPZQ,336000
10,UCRT-74ovdMKOFBC96w_gfyQ,402000
11,UCfs9huvAm_O4EGeoTdF3ZZg,0
12,UC1-4AnMxkLXLNL3-7UJ4KTQ,1390000
13,UC5Y35HzjHnxi2Dk8Xk8Cllw,1520000
14,UCosy7jwSdXUbLbJBYgyRcnw,1040000
15,UCGGhM6XCSJFQ6DTRffnKRIw,2970000
16,UCp_RW49IudjKEw_yal7tfFw,984000
17,UCIS8BB4C2cuzeILjQV9pxGA,85300
18,UCP1PN9Um8z8Li-20Yauqa6A,1050000
19,UCKjNkGY645qPhT3OaB2QGzg,188000
20,UC4QadOSsJu54Qs8z99shRiQ,1480000
21,UC94pY6IRKSJbZ1V36yQA1wg,22500
22,UCroloVlHKUnvOMn5MtuvyDg,422000
23,UCosdY-UuH21-lOwfXwYjiBw,12500
24,UC2v_FEM2obGMne07CgXU8hw,63600
25,UCF5_b1FCKAX_GvRu7ePMG3w,52600
26,UCL4ss3I2WQaWp2sw1SjHi5Q,245000
27,UCulneJtjMARpEHhWQTlGa6w,150000
28,UCutJqz56653xV2wwSvut_hQ,5390000
29,UCQ5URCSs1f5Cz9rh-cDGxNQ,694000
0,UCjPxPNqVsp7VdByQKxlB8gA,2890
1,UC8_wmm5DX9mb4jrLiw8ZYzw,3020000
2,UCnoV9-8oRfF-c9BFkgTD2nA,375000
3,UCMzHT-yzTQ5NMA-CucwMMww,9780
4,UCRVruzlQF5cqpw9jQgIgNdw,756000
5,UC4QadOSsJu54Qs8z99shRiQ,1480000
6,UCu4Nmzi3jCjzQEn3Y5edXsA,298
7,UCvGQ6Se8KO9UO8wLPCuWVww,4030
8,UCroloVlHKUnvOMn5MtuvyDg,422000
9,UCEAvwlv0ZtJrSsgaA2CewOw,1140000
10,UC1pHFqCMAIHP8gr4lYGtNLA,3820000
11,UC7O8RxRMCRilg0ucaNxGE9A,20600
12,UCFaxv_SWrjxOJkvR4QeQ4kw,663
13,UCyqb00rK9W1ktzOhrn0CUFg,11400
14,UCfCOQPrgiA9YydjXQ6g87fg,167000
15,UCG4fqU419F_vnBkIfSyR9Yg,426000
16,UC72bkkvKulLl_muXs0ygF_Q,20400
17,UCRzzwLpLiUNIs6YOPe33eMg,11700000
18,UCVdQRexx_XYLRGk1ouo4iSA,52900
19,UCOMj1HWVSnjOkiMkyteBGtA,2280
20,UC0mhOaiTObQ9hsCIBQM7Hnw,360000
21,UCaT2L0VybZmhQNbrr4gwnTQ,25900
22,UCnUzafAtfncBzTml2muIUEQ,96900
23,UC9TSfpyxg_-3jG-eqDI2_RQ,390000
24,UCjnJ4buqbnpRVaT3IDUQPZQ,336000
25,UCwJXtk_1CKlCrh7YJDP2uPw,150000
26,UCxc0F7BSsl3d4V2aoietV9A,422000
27,UCSzYokfaH2v1521wqrh9fhA,24000
28,UCBVmC7fKfYONkWpb2FseRSg,6620
29,UCAcI3UTSAVJFIhbzlYBEQzw,47800
0,UCYs35nWy7aTUBA4w8LcSCjQ,164000
1,UCRDDfbYPHX_GUJ4lcQYTc8A,1880000
2,UC3rQdmWlTWyk_dGRHuV0_GA,554000
3,UCY5fcqgSrQItPAX_Z5Frmwg,1030000
4,UCQUA8cPZgNoYEW2OgX482ng,533000
5,UCljUAjufNh7VI0yElcAdlhg,340000
6,UCyo6aLuDHbUoNTv-NR-Y0NA,1010000
7,UCj-BQGbXXIuMFS04ZgvIeRg,1710000
8,UCSoEDFXaMcHbAlWlduce2eg,519000
9,UCEojdIMF62_65_iYQsvF50Q,109000
10,UCvlctY0BTwLULhSSpZ6_wmw,357000
11,UCFWbgSyNIyFFmzuKXi4sBfQ,359000
12,UCriA6OetuAB_S9UCnvR-HdQ,415000
13,UCReLl7djAZraKGApraWg6Ng,141000
14,UC8IK363bd35lzYO7wXUlvRg,103000
15,UCGIvyqlnOOQ7Si_IHv0inOw,5100
16,UCjaWxz81Jq_8NcGW0Tt_CNA,72400
17,UCU3MNBzIn5j2j38OpYdSkog,113000
18,UCdpwrfzRHaxrYl4cehVgjwg,29200
19,UCPx8uxmJmySdzDdsimXjh4Q,7130
20,UCEdvpU2pFRCVqU6yIPyTpMQ,46200000
21,UCVP_Fma2_-BEKWYc79JVQDw,805000
22,UCkpeuy1OcoOuSnvDnvXamRA,212000
23,UCRT-74ovdMKOFBC96w_gfyQ,402000
24,UCVMvBhhCs_jZTGlHFI6Fh7w,298000
25,UCz1sbEbWYHH0wZr2tHzD7Kg,11700
26,UCxdHXpqHrp-RBfecBiZla5Q,168000
27,UCfCY70zRsvnnKzQ39mBq0rw,953000
28,UC1-4AnMxkLXLNL3-7UJ4KTQ,1390000
29,UCdU0lALBi35E1vqwpbZrzSw,115000
0,UCKtKKtjaaPKA1Oj8Ldnfsdg,478000
1,UCfs9huvAm_O4EGeoTdF3ZZg,0
2,UCulneJtjMARpEHhWQTlGa6w,150000
3,UCutJqz56653xV2wwSvut_hQ,5390000
4,UCQ5URCSs1f5Cz9rh-cDGxNQ,694000
5,UCjPxPNqVsp7VdByQKxlB8gA,2890
6,UC8_wmm5DX9mb4jrLiw8ZYzw,3020000
7,UCnoV9-8oRfF-c9BFkgTD2nA,375000
8,UCMzHT-yzTQ5NMA-CucwMMww,9780
9,UCRVruzlQF5cqpw9jQgIgNdw,756000
10,UC4QadOSsJu54Qs8z99shRiQ,1480000
11,UCu4Nmzi3jCjzQEn3Y5edXsA,298
12,UCvGQ6Se8KO9UO8wLPCuWVww,4030
13,UCroloVlHKUnvOMn5MtuvyDg,422000
14,UCEAvwlv0ZtJrSsgaA2CewOw,1140000
15,UC1pHFqCMAIHP8gr4lYGtNLA,3820000
16,UC7O8RxRMCRilg0ucaNxGE9A,20600
17,UCFaxv_SWrjxOJkvR4QeQ4kw,663
18,UCyqb00rK9W1ktzOhrn0CUFg,11400
19,UCfCOQPrgiA9YydjXQ6g87fg,167000
20,UCG4fqU419F_vnBkIfSyR9Yg,426000
21,UC72bkkvKulLl_muXs0ygF_Q,20400
22,UCibEhpu5HP45-w7Bq1ZIulw,6280000
23,UCaak9sggUeIBPOd8iK_BXcQ,3520000
24,UCHemtp4YijzxzQd2viTZuEQ,26700
25,UCs4KWxdP-lRc-dgLXE5i8Wg,2430000
26,UCesbiKx0WHGL-xjC_DhyWIA,5350
27,UCQUdNis13Y2bXiV7fssSNCg,685000
28,UCOsxEgfXu6Z8flRHn04yf5g,106000
29,UC31k7KPtTEsgty9lg5rxO1A,299000
0,UCLCdKWiUUKPV016JHjVuMsQ,225000
1,UCZMRuagdTBKmmrFtSMN48Xw,946000
2,UCQ3Kgx1G1NkELoJ8tJ3uelg,581000
3,UCljUAjufNh7VI0yElcAdlhg,340000
4,UC4QadOSsJu54Qs8z99shRiQ,1480000
5,UCk-jQ0-FYfOE0Srs23LAGoQ,303000
6,UC6YD-hqIJ1UIOcVyQ07HGAw,1660000
7,UCumOEkOWBFy5ShLv3fR2rJg,110000
8,UC8_wmm5DX9mb4jrLiw8ZYzw,3020000
9,UCKtKKtjaaPKA1Oj8Ldnfsdg,478000
10,UCFs-PaPhAlUQ2qUG8gHf_zA,138000
11,UCLstWynN36MsqvEA2LSpNAQ,29
12,UCTfta7Ult6yLu7ru-WInOGg,62600
13,UC-uIxqs8YBuqzgUSnL0TzYw,315000
14,UCQznUf1SjfDqx65hX3zRDiA,9550000
15,UCVP_Fma2_-BEKWYc79JVQDw,805000
16,UCiJz45sMI3D0sqtAvMs-umQ,411000
17,UCutJqz56653xV2wwSvut_hQ,5390000
18,UC6YuttrRJ_LZNddA_DJ_VSQ,2000000
19,UCQ_MqAw18jFTlBB-f8BP7dw,1380000
20,UCQ5URCSs1f5Cz9rh-cDGxNQ,694000
21,UCyo6aLuDHbUoNTv-NR-Y0NA,1010000
22,UConaGRzpWrIGU6ALkUASyYg,104000
23,UCT9b7yx6qEl0q994k4s6IEw,77800
24,UCb-ekPowbBlQhyt7ZXPiu5Q,281000
25,UC4waACAAyuqSCpXeb4OnTOA,1580
26,UC-vEJDjtUw_RLqDyr4GRKMA,39500
27,UCscgnhNfNhQSguRpqMFIu0g,0
28,UCebVdpDVViwFKBcEqsdj4hQ,4290
29,UCWKc_h8m97tvrjZ9rfgdhIA,167000
0,UCFBSXqhTCTQp7zfXO-FhA6A,138000
1,UCIS8BB4C2cuzeILjQV9pxGA,85300
2,UC4bfjQfGksYv3JfQEWBtJwg,110000
3,UCnoV9-8oRfF-c9BFkgTD2nA,375000
4,UCkkxn2ldlFUMupTlXU8meAw,953000
5,UCjPxPNqVsp7VdByQKxlB8gA,2890
6,UCMzHT-yzTQ5NMA-CucwMMww,9780
7,UCTvIvM-XkhmopU0dMNHcECQ,42600
8,UCRVruzlQF5cqpw9jQgIgNdw,756000
9,UCAmJvDLNL3-2UGFu_AiSjPg,127000
10,UCwnDGKPgpRsJUjuSGhATAmg,1400000
11,UCdf_kA_Iw6zudHdPCfy5j9w,16500
12,UCYetAe5kFTS6JR4yklBL8zQ,36000
13,UCi8Kfo5KATFQXJFo-IH3DgA,11300
14,UCOoO3hbYFsXdyYaWXnv6lpQ,4060
15,UCibEhpu5HP45-w7Bq1ZIulw,6290000
16,UCaak9sggUeIBPOd8iK_BXcQ,3520000
17,UCHemtp4YijzxzQd2viTZuEQ,26700
18,UCs4KWxdP-lRc-dgLXE5i8Wg,2430000
19,UCesbiKx0WHGL-xjC_DhyWIA,5350
20,UCQUdNis13Y2bXiV7fssSNCg,685000
21,UCOsxEgfXu6Z8flRHn04yf5g,106000
22,UC31k7KPtTEsgty9lg5rxO1A,299000
23,UCLCdKWiUUKPV016JHjVuMsQ,225000
24,UCZMRuagdTBKmmrFtSMN48Xw,947000
25,UCQ3Kgx1G1NkELoJ8tJ3uelg,582000
26,UCljUAjufNh7VI0yElcAdlhg,340000
27,UC4QadOSsJu54Qs8z99shRiQ,1490000
28,UCk-jQ0-FYfOE0Srs23LAGoQ,303000
29,UC6YD-hqIJ1UIOcVyQ07HGAw,1660000
0,UCumOEkOWBFy5ShLv3fR2rJg,110000
1,UC8_wmm5DX9mb4jrLiw8ZYzw,3020000
2,UCKtKKtjaaPKA1Oj8Ldnfsdg,478000
3,UCFs-PaPhAlUQ2qUG8gHf_zA,138000
4,UCLstWynN36MsqvEA2LSpNAQ,29
5,UCPKlrgZXnnb89nSeITvTdGA,1080000
6,UCvDfrrIiH6iIERFqYFd9PPA,1350
7,UCynIYcsBwTrwBIecconPN2A,2570000
8,UCg4nOl7_gtStrLwF0_xoV0A,3850000
9,UCnoV9-8oRfF-c9BFkgTD2nA,375000
10,UCTDMT3aL30noTVFgNPA9XtQ,582000
11,UCe61qRfmlC_RA_4702ROyUA,0
12,UC8zjq9eM1n8xI0FLRQ1mxQA,225
13,UC4QadOSsJu54Qs8z99shRiQ,1490000
14,UCD7-Ocp4InwPKzwiq_U-Abg,697000
15,UCRxDTCmIjgli-Xgh2KPE9dA,1750000
16,UCWKc_h8m97tvrjZ9rfgdhIA,167000
17,UCvGQ6Se8KO9UO8wLPCuWVww,4020
18,UC_1GPhYlXI2ka2ji5gnqWFQ,205000
19,UC3meFjbGeE54vWerQzpbldg,3880
20,UC6YuttrRJ_LZNddA_DJ_VSQ,2000000
21,UC4Au2QrbfaSjHPSdk5tUBeg,2470000
22,UC-km1012mEUQQLGxggmrazw,739000
23,UCcvLSRIWJIAGFDyWtzkbiHA,1600000
24,UC7dXPammhcS6lrPzgq7WAPQ,317000
25,UCSoEDFXaMcHbAlWlduce2eg,520000
26,UCkUZKZ17PeE0ATPKvmvEU5w,325000
27,UCXzU-b8I0Y_fhMkLQMYt3vA,1350000
28,UCSYCOHHulAU-vAKeeaR65Wg,301000
29,UCHJDes9eAqq-6WXGr5bTzsQ,1680
0,UClS-7TfM2g2plTGguaBPfqg,7820
1,UCUF6s4UTqx_MpV5bcDLljCg,3180
2,UCEf_Bc-KVd7onSeifS3py9g,22900000
3,UCljUAjufNh7VI0yElcAdlhg,340000
4,UCtmlLXX-2vKkFUv74L8IE1A,14600
5,UC6VSFaHYbR-bhNer7DXxGNQ,2080000
6,UCgJT29ypj-ZGNX5y8GHapKA,662000
7,UCUz13KPT3QQ7qag7rImH6kA,64800
8,UCLdnL7RNgh616cUbJJUGPRg,286000
9,UCWbB8rGkcOc58YYS0QaCG3w,258000
10,UC4kUV8uGKmoQUs1HLzf7jsg,170000
11,UCFDL0NuxUBAvvu1PnIwW2ww,2540000
12,UC9pp3HLEXpglmSHvmy6TBWQ,194000
13,UC31k7KPtTEsgty9lg5rxO1A,299000
14,UCF5v1ubUrzLLiXnR4XxsFbQ,0
15,UCLhgIX2L5ZCaWdlaxR_oTAg,465000
16,UCK1sVuXaDvJeNwl9noN5nOA,3810000
17,UC3sYoxcId99IsQquIVqPYAA,2810
18,UCsX8MJHEI5UukXoF3HLnTvg,496000
19,UC5Y35HzjHnxi2Dk8Xk8Cllw,1520000
20,UC1zYGo1jIIjMVDTLL3dydow,277000
21,UCKtKKtjaaPKA1Oj8Ldnfsdg,478000
22,UC0jDoh3tVXCaqJ6oTve8ebA,11500000
23,UCzgxx_DM2Dcb9Y1spb9mUJA,7740000
24,UCsL-BN_6eQd2WJe1OY8twYA,1190
25,UCCy80SwBwALYglGO68Fpy_Q,26500
26,UCVP_Fma2_-BEKWYc79JVQDw,805000
27,UCBHtVh4v1wlNPb5SMXRAT0Q,37400
28,UCg-p3lQIqmhh7gHpyaOmOiQ,3900000
29,UCi8o8ntuLNTbUgc3VD6i-eQ,146000
0,UCjaWxz81Jq_8NcGW0Tt_CNA,72500
1,UCibEhpu5HP45-w7Bq1ZIulw,6290000
2,UCaak9sggUeIBPOd8iK_BXcQ,3520000
3,UCPKlrgZXnnb89nSeITvTdGA,1080000
4,UCvDfrrIiH6iIERFqYFd9PPA,1350
5,UCynIYcsBwTrwBIecconPN2A,2570000
6,UCg4nOl7_gtStrLwF0_xoV0A,3850000
7,UCnoV9-8oRfF-c9BFkgTD2nA,375000
8,UCTDMT3aL30noTVFgNPA9XtQ,582000
9,UCe61qRfmlC_RA_4702ROyUA,0
10,UC8zjq9eM1n8xI0FLRQ1mxQA,225
11,UC4QadOSsJu54Qs8z99shRiQ,1490000
12,UCD7-Ocp4InwPKzwiq_U-Abg,697000
13,UCRxDTCmIjgli-Xgh2KPE9dA,1750000
14,UCWKc_h8m97tvrjZ9rfgdhIA,167000
15,UCvGQ6Se8KO9UO8wLPCuWVww,4020
16,UC_1GPhYlXI2ka2ji5gnqWFQ,205000
17,UC3meFjbGeE54vWerQzpbldg,3880
18,UC6YuttrRJ_LZNddA_DJ_VSQ,2000000
19,UC4Au2QrbfaSjHPSdk5tUBeg,2470000
20,UC-km1012mEUQQLGxggmrazw,739000
21,UCcvLSRIWJIAGFDyWtzkbiHA,1600000
22,UClX3YSREJp3ELuv2wFAYOzA,1280000
23,UCp_RW49IudjKEw_yal7tfFw,984000
24,UC1zsShDyJp8AafQu9BPo1PQ,1320000
25,UCwB_AlxvT3A1uEcI9rA_7hg,1320000
26,UCfodSug0zXKfd8HpSay9JBg,374000
27,UCF9DM3iAcBx2dg_hBiJntjw,226000
0,UCHusB4fkxFwQCK_p7ESgqHQ,0
1,UCLMYRi83dsYs83prGn0tByw,141000
2,UCz1sbEbWYHH0wZr2tHzD7Kg,11700
3,UC1oPBUWifc0QOOY8DEKhLuQ,5340000
4,UCII_QSL9Qlsq0tjwKMk9KxA,107000
5,UC1s-zgvNakAS4ATSKP0Fghw,65400
6,UCzshx21XlTwba6vVBPNkjKA,21000
7,UC77HxguVMGFAGtIaSYGq8Fw,14800
8,UC4QadOSsJu54Qs8z99shRiQ,1490000
9,UCwJXtk_1CKlCrh7YJDP2uPw,150000
10,UCNew84XbL3knLtwbFh8fhLQ,64900
11,UC2v_FEM2obGMne07CgXU8hw,63600
12,UCljUAjufNh7VI0yElcAdlhg,340000
13,UCbZvkG2uAgr6Oiva4FytscQ,936000
14,UCD7-Ocp4InwPKzwiq_U-Abg,697000
15,UC4bfjQfGksYv3JfQEWBtJwg,110000
16,UC-km1012mEUQQLGxggmrazw,739000
17,UClS-7TfM2g2plTGguaBPfqg,7820
18,UCxSLX1tw9sZUSfD4MFxcqSg,15800
19,UC-lHJZR3Gqxm24_Vd_AJ5Yw,105000000
20,UCc0sbLtgrTmgvh7vYd7-QmA,4320
21,UCO6t3VQrpvrM4gYDRQ-58Ew,281000
22,UCvySJzE1vFNZy52KF6tBflA,22700
23,UC8_wmm5DX9mb4jrLiw8ZYzw,3020000
24,UC0e87WXu_SJhrc8tb08qyaQ,122000
25,UCfs9huvAm_O4EGeoTdF3ZZg,0
26,UCQ3Kgx1G1NkELoJ8tJ3uelg,582000
27,UCg4nOl7_gtStrLwF0_xoV0A,3850000
28,UCAk6x9HQlsKDISWA_qW7jLg,95900
29,UCKtKKtjaaPKA1Oj8Ldnfsdg,478000
0,UCPIRD4yr1hlAEovBCSNlAKg,1560000
1,UCvil5p8X1U1CAamwQ686LYA,26600
2,UCGiMm6ix3x_83YzxoL4MnMQ,78800
3,UCSoEDFXaMcHbAlWlduce2eg,520000
4,UCBHtVh4v1wlNPb5SMXRAT0Q,37400
5,UC3XTzVzaHQEd30rQbuvCtTQ,8170000
6,UCynIYcsBwTrwBIecconPN2A,2570000
7,UC7_mFzmj89tqAqgpl5695QQ,239000
8,UCRDDfbYPHX_GUJ4lcQYTc8A,1890000
9,UCENoC6MLc4pL-vehJyzSWmg,1030000
10,UCRijo3ddMTht_IHyNSNXpNQ,52000000
11,UCXCknrYDQ2VlVxBnRWBnEFg,436000
12,UCxkjgt_ePhbOoCRPr0szT8Q,809000
13,UCQUA8cPZgNoYEW2OgX482ng,533000
14,UC6z9hHYTAV8eW--F4JndgiQ,113000
15,UCFDL0NuxUBAvvu1PnIwW2ww,2540000
16,UCr3xOsZ58ZlkEIvzVrb7jWw,195
17,UCnoV9-8oRfF-c9BFkgTD2nA,375000
18,UCLWXmr0xoEEZUywaM1ZEHQw,31000
19,UCZJLOAUdvQHrIXQs3Hq17Hw,0
20,UCvGQ6Se8KO9UO8wLPCuWVww,4020
21,UCkOodVXuKcwdQI9mcys-77Q,0
22,UCynURu72A71GmEVQcsZXcKQ,117000
23,UC4kUV8uGKmoQUs1HLzf7jsg,170000
24,UCWJ2lWNubArHWmf3FIHbfcQ,14100000
25,UC2TCPeRl66OCXYXLIsQpd-A,105000
26,UC8zjq9eM1n8xI0FLRQ1mxQA,225
27,UCPhOmDF9NWeKuqHWNGElqWg,2490
28,UCaTHFAqbd0OvVByB5eobM9w,22300
29,UCqDSnr00YGKch4t2ydnQj5g,258000
0,UCcUnsoipzgd5JJNsNMsgfNg,414000
1,UClX3YSREJp3ELuv2wFAYOzA,1280000
2,UCp_RW49IudjKEw_yal7tfFw,984000
3,UC1zsShDyJp8AafQu9BPo1PQ,1320000
4,UCwB_AlxvT3A1uEcI9rA_7hg,1320000
5,UCfodSug0zXKfd8HpSay9JBg,374000
6,UCPKlrgZXnnb89nSeITvTdGA,1080000
7,UCF9DM3iAcBx2dg_hBiJntjw,226000
8,UCvDfrrIiH6iIERFqYFd9PPA,1350
9,UCHusB4fkxFwQCK_p7ESgqHQ,0
10,UCLMYRi83dsYs83prGn0tByw,141000
11,UCz1sbEbWYHH0wZr2tHzD7Kg,11700
12,UC1oPBUWifc0QOOY8DEKhLuQ,5340000
13,UCII_QSL9Qlsq0tjwKMk9KxA,107000
14,UC1s-zgvNakAS4ATSKP0Fghw,65400
15,UCzshx21XlTwba6vVBPNkjKA,21000
16,UC77HxguVMGFAGtIaSYGq8Fw,14800
17,UC4QadOSsJu54Qs8z99shRiQ,1490000
18,UCwJXtk_1CKlCrh7YJDP2uPw,150000
19,UCNew84XbL3knLtwbFh8fhLQ,64900
20,UCq34yu7r9AR-ROmcpXjwbDw,233
21,UCKpIOnsk-gcwHXIzuk24ExA,657000
22,UCGN0JLN6n9Rqw4v-6AVcDtg,79
23,UCydnNrq6g9qFyLnUMctNBJA,861
24,UC1-4AnMxkLXLNL3-7UJ4KTQ,1400000
25,UCMo5MECD5pwhUVLaMqZo5Xg,1080000
26,UC8ojUR5waSQVNsEaX06I5yA,16500
27,UCD7-Ocp4InwPKzwiq_U-Abg,697000
28,UCeFOrJM5jWE1uhJtt7wIH2g,117000
0,UCCwbUvjxH5-Ci0zsXJU9lfg,18900
1,UCsi5wbpkOqtpnGA3tgRC83g,4850
2,UCs4KWxdP-lRc-dgLXE5i8Wg,2430000
3,UCRT-74ovdMKOFBC96w_gfyQ,402000
4,UCkkxn2ldlFUMupTlXU8meAw,953000
5,UCc0sbLtgrTmgvh7vYd7-QmA,4320
6,UCRVruzlQF5cqpw9jQgIgNdw,756000
7,UC8K94Pfc4dfgfwElP_j9Saw,14500
8,UCfodSug0zXKfd8HpSay9JBg,374000
9,UCOpcACMWblDls9Z6GERVi1A,6720000
10,UCDbQblY1XASbgqOXmy6FOFQ,2540000
11,UCroloVlHKUnvOMn5MtuvyDg,422000
12,UCMsuwHzQPFMDtHaoR7_HDxg,1240000
13,UCmwW4Ee9qmCDmJ3XtdOMriw,580
14,UCPIRD4yr1hlAEovBCSNlAKg,1560000
15,UCEojdIMF62_65_iYQsvF50Q,109000
16,UCyo6aLuDHbUoNTv-NR-Y0NA,1010000
17,UCfkM3u-0uSKADDitZLpXcfA,551000
18,UCSoEDFXaMcHbAlWlduce2eg,520000
19,UCLdnL7RNgh616cUbJJUGPRg,286000
20,UCkinYTS9IHqOEwR1Sze2JTw,887000
21,UCRijo3ddMTht_IHyNSNXpNQ,52000000
22,UC4kUV8uGKmoQUs1HLzf7jsg,170000
23,UCvlctY0BTwLULhSSpZ6_wmw,357000
24,UCRDDfbYPHX_GUJ4lcQYTc8A,1890000
25,UCucL8Ib4JOigpW0pgjI46xA,1380000
26,UCpRh2xmGtaVhFVuyCB271pw,591000
27,UCoQIdt0bWPv3-_xuybJvTjQ,1740000
28,UCIGlf3KCZyrEr3-o8Ec71tA,5100
29,UCFDL0NuxUBAvvu1PnIwW2ww,2540000
0,UCljUAjufNh7VI0yElcAdlhg,340000
1,UCPs6BouVj4Gl96zGwwzSWJg,37000
2,UCIcWsDvtbC5b8I_Z0Q5T6sA,3570
3,UC8nWslLGYTEaIovhlhU4MRg,7060
4,UCp_RW49IudjKEw_yal7tfFw,984000
5,UCwOBi0_e6uq9UxKiVfQyaKw,57000
6,UCNK6sbxu8te2lwrXgYGX8Qg,152000
7,UCDy7RpxdBRnVJzDUJZ_-ktg,48200
8,UCxhygwqQ1ZMoBGQM2yEcNug,12600000
9,UCDWJXm0XjvsZDCcrv2pXJyg,21200
10,UCHusB4fkxFwQCK_p7ESgqHQ,0
11,UC4PktYRt1mCmvKQHY9AVgSw,8780
12,UCAclVGCh7QyLH41jJGQVhaw,1760000
13,UCd4_gOSy52-B_AN0FAbP-VA,0
14,UCq34yu7r9AR-ROmcpXjwbDw,233
15,UCKpIOnsk-gcwHXIzuk24ExA,657000
16,UCGN0JLN6n9Rqw4v-6AVcDtg,79
17,UCydnNrq6g9qFyLnUMctNBJA,861
18,UC1-4AnMxkLXLNL3-7UJ4KTQ,1400000
19,UCMo5MECD5pwhUVLaMqZo5Xg,1080000
20,UC8ojUR5waSQVNsEaX06I5yA,16500
21,UCD7-Ocp4InwPKzwiq_U-Abg,697000
22,UCeFOrJM5jWE1uhJtt7wIH2g,117000
23,UClX3YSREJp3ELuv2wFAYOzA,1280000
24,UCCwbUvjxH5-Ci0zsXJU9lfg,18900
25,UCsi5wbpkOqtpnGA3tgRC83g,4850
26,UCs4KWxdP-lRc-dgLXE5i8Wg,2430000
27,UCRT-74ovdMKOFBC96w_gfyQ,402000
28,UCkkxn2ldlFUMupTlXU8meAw,953000
29,UCc0sbLtgrTmgvh7vYd7-QmA,4320
0,UCRVruzlQF5cqpw9jQgIgNdw,756000
1,UC8K94Pfc4dfgfwElP_j9Saw,14500
2,UCfodSug0zXKfd8HpSay9JBg,374000
3,UC8KtgdpgUSNvizDGOimmyRg,636
4,UC4bfjQfGksYv3JfQEWBtJwg,110000
5,UCaTFX7ckdowpnwHWcJGH2KQ,1410000
6,UCQ3Kgx1G1NkELoJ8tJ3uelg,582000
7,UCq34yu7r9AR-ROmcpXjwbDw,233
8,UCp_RW49IudjKEw_yal7tfFw,984000
9,UCUzpZpX2wRYOk3J8QTFGxDg,1290000
10,UCRb-FQbJKhOBvYZ3olDDL7g,10600
11,UC1oPBUWifc0QOOY8DEKhLuQ,5340000
12,UCg9mwxF0uacG3Q4N91wo2TQ,1140000
13,UCSrwpEM8lBM4jR5YoKX3XOQ,326000
14,UCKpIOnsk-gcwHXIzuk24ExA,657000
15,UC8_wmm5DX9mb4jrLiw8ZYzw,3020000
16,UCp0hYYBW6IMayGgR-WeoCvQ,37400000
17,UC24yfMhHL7ryQhbc_Zw_qng,627000
18,UC77HxguVMGFAGtIaSYGq8Fw,14800
19,UCljUAjufNh7VI0yElcAdlhg,340000
20,UCzw-C7fNfs018R1FzIKnlaA,12400000
21,UCC_ElJAc9JrtkMm3zTTJ1_A,298000
22,UCscgnhNfNhQSguRpqMFIu0g,0
23,UCcxInxoZ8Rar3gKYWICbBZg,37100
24,UCQUdNis13Y2bXiV7fssSNCg,685000
25,UCoQdgj5CIHEV84GlCz_QKkQ,41100
26,UCGbOTPDlBwkN-4N85dK6U7Q,231000
27,UCkpeuy1OcoOuSnvDnvXamRA,212000
28,UC94pY6IRKSJbZ1V36yQA1wg,22500
29,UC7dXPammhcS6lrPzgq7WAPQ,317000
0,UCUXfRsEIJ9xO1DT7TbEWksw,1800000
1,UCnoYhOtV0IXZ6lv2R-ZnB_Q,170000
2,UCGN0JLN6n9Rqw4v-6AVcDtg,79
3,UCNsidkYpIAQ4QaufptQBPHQ,290000
4,UCkvOiP-XrHCDvAoGPC3lZrA,54500
5,UCFDL0NuxUBAvvu1PnIwW2ww,2540000
6,UCydnNrq6g9qFyLnUMctNBJA,861
7,UCMo5MECD5pwhUVLaMqZo5Xg,1080000
8,UCosdY-UuH21-lOwfXwYjiBw,12500
9,UCCy_q-N7F2FOIZ6ZggHIAKg,1750000
10,UCVMvBhhCs_jZTGlHFI6Fh7w,298000
11,UCwWhs_6x42TyRM4Wstoq8HA,7810000
12,UC7vVhkEfw4nOGp8TyDk7RcQ,1760000
13,UCY-aMx8e3yH2-FLun7gLQMg,141000
14,UC1Lp8HbCqOPBMT1W_mjb21A,581000
15,UCeFOrJM5jWE1uhJtt7wIH2g,117000
16,UC1-4AnMxkLXLNL3-7UJ4KTQ,1400000
17,UCkprc8Iv9GWsAXs92YeNuVQ,329000
18,UCLPoFvYcnBTaJ0D0UMhm2yA,416000
19,UCFBSXqhTCTQp7zfXO-FhA6A,138000
20,UCsjLodwrvFSVB-YzOyUEm6g,50
21,UC283U3dPUk0RD-etygZJ11g,117000
22,UC8ojUR5waSQVNsEaX06I5yA,16500
23,UCCwbUvjxH5-Ci0zsXJU9lfg,18900
24,UC4lN5sizuJraSHqy99xTy6Q,1220000
25,UC4hQbfN_ZRy4lSngWxuhHxA,384000
26,UCynURu72A71GmEVQcsZXcKQ,117000
27,UCMtFAi84ehTSYSE9XoHefig,7630000
28,UCKtxF3ufOkuJohTeKyNbYrQ,455000
29,UClX3YSREJp3ELuv2wFAYOzA,1280000
0,UC-FQUIVQ-bZiefzBiQAa8Fw,6800000
1,UC8KtgdpgUSNvizDGOimmyRg,636
2,UC4bfjQfGksYv3JfQEWBtJwg,110000
3,UCaTFX7ckdowpnwHWcJGH2KQ,1410000
4,UCQ3Kgx1G1NkELoJ8tJ3uelg,582000
5,UCq34yu7r9AR-ROmcpXjwbDw,233
6,UCp_RW49IudjKEw_yal7tfFw,984000
7,UCUzpZpX2wRYOk3J8QTFGxDg,1290000
8,UCRb-FQbJKhOBvYZ3olDDL7g,10600
9,UC1oPBUWifc0QOOY8DEKhLuQ,5340000
10,UCg9mwxF0uacG3Q4N91wo2TQ,1140000
11,UCSrwpEM8lBM4jR5YoKX3XOQ,326000
12,UCKpIOnsk-gcwHXIzuk24ExA,657000
13,UC8_wmm5DX9mb4jrLiw8ZYzw,3020000
14,UCp0hYYBW6IMayGgR-WeoCvQ,37400000
15,UC24yfMhHL7ryQhbc_Zw_qng,627000
16,UCCRb6nYKaT8tzLA8CwDdUtw,2780000
17,UCRxDTCmIjgli-Xgh2KPE9dA,1750000
18,UCwB_AlxvT3A1uEcI9rA_7hg,1320000
19,UCkpeuy1OcoOuSnvDnvXamRA,212000
20,UC14QT5j2nQI8lKBCGtrrBQA,736000
21,UCulneJtjMARpEHhWQTlGa6w,150000
22,UClX3YSREJp3ELuv2wFAYOzA,1280000
23,UCD-miitqNY3nyukJ4Fnf4_A,552000
24,UCzWygEC8zQKYpCp7nwX_M-A,1610000
25,UCvoTJe-f9TM1f0Dl93pfNAA,5280
26,UCDbQblY1XASbgqOXmy6FOFQ,2540000
0,UCg9mwxF0uacG3Q4N91wo2TQ,1140000
1,UCJhjE7wbdYAae1G25m0tHAA,2300000
2,UCqAbcgEp4NqCRnLG3NVJezw,310000
3,UCpx2BZg8ABgaDV50sGJtWAg,359000
4,UC0e87WXu_SJhrc8tb08qyaQ,122000
5,UC1l7wYrva1qCH-wgqcHaaRg,21800000
6,UC31k7KPtTEsgty9lg5rxO1A,299000
7,UC0m0zIpus2YoxvFyOL00KMQ,2720
8,UC5kWvdxsh19jeQClcPiwgwg,9010
9,UCigtU9n0IKuo-yaIXZRdEgw,35000
10,UCH961Ak4hnyJPPcq3VYx-1A,37500
11,UC69xoWl5-Y3m-oRFTORIbKw,1250000
12,UClCe4GUU6ZTVrvJ8UkXFONA,34600
13,UC0C-w0YjGpqDXGB8IHb662A,44800000
14,UCjr-_eWyX7RwHKSVxOP4eCA,10200
15,UCGEbMwiX774cseKvJqF9R2g,1970000
16,UCj3w6q3Su0jDCv97bRiaS0g,206000
17,UCD8vGk1DGOm_OaGXBcxSNyg,8140
18,UCwOBi0_e6uq9UxKiVfQyaKw,57000
19,UCA2McdYJLbD4IAQo0wLWOUQ,51400
20,UCRDDfbYPHX_GUJ4lcQYTc8A,1890000
21,UCkkxn2ldlFUMupTlXU8meAw,953000
22,UCroloVlHKUnvOMn5MtuvyDg,422000
23,UCljUAjufNh7VI0yElcAdlhg,340000
24,UCbD8EppRX3ZwJSou-TVo90A,14100000
25,UCO6t3VQrpvrM4gYDRQ-58Ew,281000
26,UCTQVIXvcHrR9jYoJ6qaBAow,5860000
27,UCCwbUvjxH5-Ci0zsXJU9lfg,18900
28,UCsSuev_h2XixlD6FFGADI6w,448000
29,UCD7-Ocp4InwPKzwiq_U-Abg,697000
0,UCQ3Kgx1G1NkELoJ8tJ3uelg,582000
1,UCFDL0NuxUBAvvu1PnIwW2ww,2540000
2,UCzw-C7fNfs018R1FzIKnlaA,12400000
3,UCclGsmeWqs69Qf1beyYMTeA,172000
4,UCMtFAi84ehTSYSE9XoHefig,7630000
5,UCr-QcqNToYablI-jU2VPVSw,647000
6,UC9bet8Rcj620A9n_qBj4nUg,305000
7,UCrH0dwm5-2Kt2LxYLMW8dnA,274000
8,UC4bfjQfGksYv3JfQEWBtJwg,110000
9,UC-J-KZfRV8c13fOCkhXdLiQ,14500000
10,UCZ1WJDkMNiZ_QwHnNrVf7Pw,64500
11,UC3Ysc5vmMFFKdUijrZcs5IQ,564000
12,UCLK2c2tKTmBQUIN3iPMVd2A,5520
13,UCryItMG5CX-iF_7OzRTn9SA,234000
14,UCuM79w4E4vF00yT6BSUEMGw,32300
15,UCqltwdVS2hLvSjC9eFmfrWg,560000
16,UCpbqG3t3wH0FSk2yFzsj1wQ,58100
17,UC8KtgdpgUSNvizDGOimmyRg,636
18,UCyjqvcOieGYO7wot-RUgsPg,45100
19,UCN5Y7-z9wJ-eu5VMWSI4OEA,20900
20,UC0i5DoDaPTkvl3OoWcipQgQ,120000
21,UCyhMAWqnYfR0Gmss71y3vFw,390000
22,UCrmsruqPgCIs4PImiZs0t9w,537000
23,UC4RPGrLD_1DClMeriws-B7w,41000
24,UCosdY-UuH21-lOwfXwYjiBw,12500
25,UCweOkPb1wVVH0Q0Tlj4a5Pw,20000000
26,UCr3BK94X6C9rf0HnebnHZYQ,30000
27,UCPWf0xFkPYfMM4e_HUW7H5w,13500
28,UCcFqQcSh5U4lkAU2QXHL6-g,163000
29,UChLtXXpo4Ge1ReTEboVvTDg,1780000
0,UCCRb6nYKaT8tzLA8CwDdUtw,2780000
1,UCRxDTCmIjgli-Xgh2KPE9dA,1750000
2,UCwB_AlxvT3A1uEcI9rA_7hg,1320000
3,UCp_RW49IudjKEw_yal7tfFw,984000
4,UCkpeuy1OcoOuSnvDnvXamRA,212000
5,UCaTFX7ckdowpnwHWcJGH2KQ,1410000
6,UC14QT5j2nQI8lKBCGtrrBQA,736000
7,UCulneJtjMARpEHhWQTlGa6w,150000
8,UClX3YSREJp3ELuv2wFAYOzA,1280000
9,UCD-miitqNY3nyukJ4Fnf4_A,552000
10,UCzWygEC8zQKYpCp7nwX_M-A,1610000
11,UC8_wmm5DX9mb4jrLiw8ZYzw,3020000
12,UCvoTJe-f9TM1f0Dl93pfNAA,5280
13,UCDbQblY1XASbgqOXmy6FOFQ,2540000
14,UCg9mwxF0uacG3Q4N91wo2TQ,1140000
15,UCJhjE7wbdYAae1G25m0tHAA,2300000
16,UCqAbcgEp4NqCRnLG3NVJezw,310000
17,UCpx2BZg8ABgaDV50sGJtWAg,359000
18,UC0e87WXu_SJhrc8tb08qyaQ,122000
19,UC6YD-hqIJ1UIOcVyQ07HGAw,1660000
20,UCaak9sggUeIBPOd8iK_BXcQ,3520000
21,UC8BpWWBePIcSLOjP8ihTP2g,64000
22,UCynIYcsBwTrwBIecconPN2A,2570000
23,UC4dvgxfLxy2FupIsxsDACkA,67500
24,UCYetAe5kFTS6JR4yklBL8zQ,36000
25,UCJk8dZsM8SIGzIBJ-rDcB3Q,579000
26,UCljUAjufNh7VI0yElcAdlhg,340000
27,UCJqntep7t6aBm99fXDjmECQ,54000
28,UCmv1CLT6ZcFdTJMHxaR9XeA,18000000
29,UC4QadOSsJu54Qs8z99shRiQ,1490000
0,UCrkSGDjXXzkQYu2GGrXVEXw,65800
1,UCR9AUYUG67Mk58Sg2-Op9Qg,116000
2,UCAmJvDLNL3-2UGFu_AiSjPg,127000
3,UCI5pX--ky1-KE8xu5ybTq2Q,272000
4,UCgyqn1x2hefGq8WiW3B2T7A,177000
5,UCeLPm9yH_a_QH8n6445G-Ow,4830000
6,UC9TSfpyxg_-3jG-eqDI2_RQ,390000
7,UCMKvT0YVLufHMdGLH89J1oA,298000
8,UCQKzkqirhKvpa7DxzG55ZIw,195000
9,UC-km1012mEUQQLGxggmrazw,740000
10,UCN-bFIdJM0gQlgX7h6LKcZA,669000
11,UC1pHFqCMAIHP8gr4lYGtNLA,3820000
12,UCacanWYQJCIwGZ0BHtBkTJQ,1940
13,UCoFLB_Gw_AoxUuuzKjXrc_Q,397000
14,UCJhjE7wbdYAae1G25m0tHAA,2300000
15,UCCD76tKlE45u1YTX0cVh1OQ,201000
16,UCQUA8cPZgNoYEW2OgX482ng,533000
17,UCqAbcgEp4NqCRnLG3NVJezw,310000
18,UCjmvcdZFiJQkZ8R9_IEAefg,91800
19,UC2Ignfd6_UuFPBsSHiUq2Cw,10100
20,UCFRprJh_hBir3IJXujWYqlw,23600
21,UCSzYokfaH2v1521wqrh9fhA,24000
22,UC6XufPOPYUXtBKJCFgkPkVA,283000
23,UC7mXyzaRLWLq1fQtxvyGcEw,294000
24,UCKe0ri_Fx7yCAaLqVABZgGA,485000
25,UCCRb6nYKaT8tzLA8CwDdUtw,2780000
26,UCkvOiP-XrHCDvAoGPC3lZrA,54500
27,UCvUVWaHx2siMRl8ZOG1L5IA,3120
28,UCJZE3JknxQq5Qrycx1uz2Sg,22400
29,UCyo6aLuDHbUoNTv-NR-Y0NA,1010000
0,UCjANN0eUvw-WrZFXJaNfq0g,27500
1,UCSEVmNAvs5-8OdkKxyp8AWA,86300
2,UCfkM3u-0uSKADDitZLpXcfA,551000
3,UCriA6OetuAB_S9UCnvR-HdQ,416000
4,UCbZvkG2uAgr6Oiva4FytscQ,936000
5,UC7RMi15o0aQacJhxOc6LLmw,446000
6,UCGbOTPDlBwkN-4N85dK6U7Q,231000
7,UCi8o8ntuLNTbUgc3VD6i-eQ,146000
8,UCZq-i62jaVypC54ydBFKBwA,11700
9,UCm7S9NqpjZcB3OQ1-2zAghA,87300
10,UCLdnL7RNgh616cUbJJUGPRg,286000
11,UCaTFX7ckdowpnwHWcJGH2KQ,1410000
12,UC69xoWl5-Y3m-oRFTORIbKw,1250000
13,UCEsInI6avCL2afoAZX7nVdQ,286000
14,UCMtFAi84ehTSYSE9XoHefig,7630000
15,UCVP_Fma2_-BEKWYc79JVQDw,805000
16,UCroloVlHKUnvOMn5MtuvyDg,422000
17,UCwmjOIfMXz6dm6ntB3HNvdQ,85800
18,UCj-BQGbXXIuMFS04ZgvIeRg,1710000
19,UC0e87WXu_SJhrc8tb08qyaQ,122000
20,UCwB_AlxvT3A1uEcI9rA_7hg,1320000
21,UCUXfRsEIJ9xO1DT7TbEWksw,1800000
22,UCtmXnwe5EYXUc52pq-S2RAg,443000
23,UCp_RW49IudjKEw_yal7tfFw,984000
24,UCoF__QuevDFb7JE3CGaljPQ,86900
25,UCK8Hs9st7QXeuUez_QvP90Q,4520
26,UCw9-qglgZw8J8m2rxe7bAXw,311000
27,UC3j2FBbYxJktTPU22gG_6Pw,622
28,UCJAiannzIhK84-J6jw-mclg,20000
29,UC6YD-hqIJ1UIOcVyQ07HGAw,1660000
0,UCaak9sggUeIBPOd8iK_BXcQ,3520000
1,UC8BpWWBePIcSLOjP8ihTP2g,64000
2,UCynIYcsBwTrwBIecconPN2A,2570000
3,UC4dvgxfLxy2FupIsxsDACkA,67500
4,UCYetAe5kFTS6JR4yklBL8zQ,36000
5,UCJk8dZsM8SIGzIBJ-rDcB3Q,579000
6,UCljUAjufNh7VI0yElcAdlhg,340000
7,UCJqntep7t6aBm99fXDjmECQ,54000
8,UCmv1CLT6ZcFdTJMHxaR9XeA,18000000
9,UC4QadOSsJu54Qs8z99shRiQ,1490000
10,UCrkSGDjXXzkQYu2GGrXVEXw,65800
11,UCR9AUYUG67Mk58Sg2-Op9Qg,116000
12,UCAmJvDLNL3-2UGFu_AiSjPg,127000
13,UCI5pX--ky1-KE8xu5ybTq2Q,272000
14,UCgyqn1x2hefGq8WiW3B2T7A,177000
15,UCeLPm9yH_a_QH8n6445G-Ow,4830000
16,UC9TSfpyxg_-3jG-eqDI2_RQ,390000
17,UCMKvT0YVLufHMdGLH89J1oA,298000
18,UCQKzkqirhKvpa7DxzG55ZIw,195000
19,UC-km1012mEUQQLGxggmrazw,740000
20,UCN-bFIdJM0gQlgX7h6LKcZA,669000
21,UC1pHFqCMAIHP8gr4lYGtNLA,3820000
22,UCacanWYQJCIwGZ0BHtBkTJQ,1940
23,UCoFLB_Gw_AoxUuuzKjXrc_Q,397000
24,UCJhjE7wbdYAae1G25m0tHAA,2300000
25,UCCD76tKlE45u1YTX0cVh1OQ,201000
26,UCQUA8cPZgNoYEW2OgX482ng,533000
27,UCqAbcgEp4NqCRnLG3NVJezw,310000
28,UCjmvcdZFiJQkZ8R9_IEAefg,91800
29,UC2Ignfd6_UuFPBsSHiUq2Cw,10100
0,UCjr-_eWyX7RwHKSVxOP4eCA,10200
1,UCRT-74ovdMKOFBC96w_gfyQ,402000
2,UC1-4AnMxkLXLNL3-7UJ4KTQ,1400000
3,UCaTFX7ckdowpnwHWcJGH2KQ,1410000
4,UCaO16EyoX6_064H0txQ0vZQ,2030000
5,UCpOjLndjOqMoffA-fr8cbKA,4340000
6,UCs4KWxdP-lRc-dgLXE5i8Wg,2430000
7,UCuA3GbcPjRPesHaeRIvfIIQ,1190000
8,UCWtcaoN-VA4wseYrws-csKw,66000
9,UC6YD-hqIJ1UIOcVyQ07HGAw,1660000
10,UCa26PSyP2eh-P7EA-nbw59A,3730
11,UCWKc_h8m97tvrjZ9rfgdhIA,167000
12,UCTv-XvfzLX3i4IGWAm4sbmA,5630000
13,UCl4e200EZm7NXq_iaYSXfeg,1740000
14,UCk-jQ0-FYfOE0Srs23LAGoQ,303000
15,UCqcjuWo_Y86RAwfRPeLUzgQ,15700
16,UCOTR1tcOAhjgi6YukrPpZxg,2480000
17,UCFDL0NuxUBAvvu1PnIwW2ww,2540000
18,UCCy_q-N7F2FOIZ6ZggHIAKg,1750000
19,UCQUdNis13Y2bXiV7fssSNCg,685000
20,UCE4AfJ_twSPLH5Og288FMlw,419000
21,UCftut9Z6S48igRNSQRDpCCg,2110000
22,UClS-7TfM2g2plTGguaBPfqg,7820
23,UCQ3Kgx1G1NkELoJ8tJ3uelg,582000
24,UCKPF80oRTDOhX-fj_zmcDDw,63000
25,UCWc-XpFHPK1SwGcvpFPZ8NA,552000
26,UCkkxn2ldlFUMupTlXU8meAw,953000
27,UCvGQ6Se8KO9UO8wLPCuWVww,4020
28,UC1bmnUH1ffc63zohkPvtXcQ,1420000
29,UCMOWCrRrcdSRT7dCR_dB7qA,1450000
0,UCO6TytNXGFEsnfgQWs6FDNw,1530
1,UCVP_Fma2_-BEKWYc79JVQDw,805000
2,UC0FFHRF1mytLDhs6nxqGIQg,210000
3,UCIZzHNbzlIskx3TxGznRyYg,671000
4,UCk9hOHfpAkKMrbhYHb_7jkQ,27600
5,UC6YuttrRJ_LZNddA_DJ_VSQ,2000000
6,UC7dXPammhcS6lrPzgq7WAPQ,317000
7,UCG-MjeMd4I7vvlAuH2RR6iw,21900
8,UCHvFSU5OP6c7QcJxIr87YtA,366000
9,UCftKGb8v-BTXBNRUHMeHpBw,29900
10,UCC_ElJAc9JrtkMm3zTTJ1_A,298000
11,UCT6oBYOy54uDlpLrRohL0Rg,89000
12,UCYs35nWy7aTUBA4w8LcSCjQ,164000
13,UC1VAL4j9yiPQVKMtIS1yUOA,523000
14,UCSsjL41NsyqSNNbanuI0htg,318000
15,UCyWRXFYbDydMdzcBX2G8xNg,347000
16,UCljUAjufNh7VI0yElcAdlhg,340000
17,UC2WuPTt0k8yDJpfenggOAVQ,12100000
18,UC9pp3HLEXpglmSHvmy6TBWQ,194000
19,UC6IMGCz0Pjwt2icerqPIuZg,226000
20,UCzMoibQRslh_1bTuW0YXc6A,10000000
21,UCJk8dZsM8SIGzIBJ-rDcB3Q,579000
22,UC9guk5nOgOJVHI0jAXSu81A,23400
23,UCV2hRel5gY1cTn5pWTATZfA,331000
24,UCjr-_eWyX7RwHKSVxOP4eCA,10200
25,UCRT-74ovdMKOFBC96w_gfyQ,402000
26,UC1-4AnMxkLXLNL3-7UJ4KTQ,1400000
27,UCaTFX7ckdowpnwHWcJGH2KQ,1410000
28,UCaO16EyoX6_064H0txQ0vZQ,2030000
29,UCpOjLndjOqMoffA-fr8cbKA,4340000
0,UCs4KWxdP-lRc-dgLXE5i8Wg,2430000
1,UCuA3GbcPjRPesHaeRIvfIIQ,1190000
2,UCWtcaoN-VA4wseYrws-csKw,66000
3,UC6YD-hqIJ1UIOcVyQ07HGAw,1660000
4,UCa26PSyP2eh-P7EA-nbw59A,3730
5,UCWKc_h8m97tvrjZ9rfgdhIA,167000
6,UCTv-XvfzLX3i4IGWAm4sbmA,5630000
7,UCl4e200EZm7NXq_iaYSXfeg,1740000
8,UCk-jQ0-FYfOE0Srs23LAGoQ,303000
9,UCqcjuWo_Y86RAwfRPeLUzgQ,15700
10,UCOTR1tcOAhjgi6YukrPpZxg,2480000
11,UCFDL0NuxUBAvvu1PnIwW2ww,2540000
12,UCCy_q-N7F2FOIZ6ZggHIAKg,1750000
13,UCTDMT3aL30noTVFgNPA9XtQ,582000
14,UCFBjsYvwX7kWUjQoW7GcJ5A,1620000
15,UCprRdRdjn5oTfxDSDQpmPew,0
16,UC7hfl5GbU1lVhI08c-Y7bVQ,7870
17,UCjr-_eWyX7RwHKSVxOP4eCA,10200
18,UCrJPQatNaq5KaDJ5RJldqdQ,12700
19,UCXzU-b8I0Y_fhMkLQMYt3vA,1350000
20,UCsX8MJHEI5UukXoF3HLnTvg,496000
21,UCiS_Rha9HIkafneIimbWh1g,92200
22,UCljUAjufNh7VI0yElcAdlhg,340000
23,UCrEU0b3lpZyrFh7VImwWkxA,364000
24,UC55Ugnz0PjMsfyZ1LCFDZTA,315000
25,UCOnsF7ZnqMMC4F_tX85Vt9A,10800
26,UCIS8BB4C2cuzeILjQV9pxGA,85300
27,UCnoV9-8oRfF-c9BFkgTD2nA,375000
28,UCvF9_9I_6tfl0NmXN0yS1Kw,145000
29,UC283U3dPUk0RD-etygZJ11g,117000
0,UCIPKo-3YgwWFFEeagS-j30A,405000
1,UCJhjE7wbdYAae1G25m0tHAA,2300000
2,UCRT-74ovdMKOFBC96w_gfyQ,402000
3,UCstEtN0pgOmCf02EdXsGChw,27800000
4,UCHPARXha7xQNbfzwzY7NzUw,220000
5,UCoQdgj5CIHEV84GlCz_QKkQ,41100
6,UCxc0F7BSsl3d4V2aoietV9A,422000
7,UCaTFX7ckdowpnwHWcJGH2KQ,1410000
8,UCFtVzEblikHdro4J5HeMo4w,582000
9,UCroloVlHKUnvOMn5MtuvyDg,422000
10,UCPH7d3YxfeH56FG-UyPAB1g,35900
11,UCg9mwxF0uacG3Q4N91wo2TQ,1140000
12,UCQf_-KILFsW7ifM6oSlRYDA,406000
13,UCqAbcgEp4NqCRnLG3NVJezw,310000
14,UCG4fqU419F_vnBkIfSyR9Yg,426000
15,UC-lHJZR3Gqxm24_Vd_AJ5Yw,105000000
16,UC1-4AnMxkLXLNL3-7UJ4KTQ,1400000
17,UCQ_MqAw18jFTlBB-f8BP7dw,1390000
18,UCLhgIX2L5ZCaWdlaxR_oTAg,465000
19,UC6YuttrRJ_LZNddA_DJ_VSQ,2000000
20,UCSoEDFXaMcHbAlWlduce2eg,520000
21,UCrrNHoXQ1uTYsR6v41pDalQ,489000
22,UCyhMAWqnYfR0Gmss71y3vFw,390000
23,UCT3eNEwCL6lpGlCfaCXJSkQ,3360
24,UCWc-XpFHPK1SwGcvpFPZ8NA,552000
25,UCd_yFWKGwk-5d1rcwBjkBTQ,7990
26,UCC9SB7UVkUvmF7tXTXs0umA,157000
27,UCjIJqspWa_E-cSV8-HtZ1Yg,576
28,UCJHbN8ZFKoo1PeifFwQpB0w,195000
29,UCG92DaK_4WQMn07gG5mhaxA,6660
0,UCVP_Fma2_-BEKWYc79JVQDw,805000
1,UC8M-PkL6rzZfzHi8dURgWog,30300
2,UC4YaOt1yT-ZeyB0OmxHgolA,2750000
3,UC35TRecEk9N5FAj2a--PAkg,89100
4,UCrzyJYtjLOTfnUur8hsr7ow,3980000
5,UCgsq0EBRKb3Fd9SPOnKwKFw,803
6,UCaO16EyoX6_064H0txQ0vZQ,2030000
7,UCpOjLndjOqMoffA-fr8cbKA,4340000
8,UCDE_gujqIP9wEBZy0lVH_8Q,1090000
9,UCCvy1DY5OP7D4RWsqczIxbA,18000
10,UCFxsPKwafYxI1aOO0NyQqJQ,16700
11,UCzrw4K7D9Ti3FP8WMTVPImg,84500
12,UCs4KWxdP-lRc-dgLXE5i8Wg,2430000
13,UCjEDFWRiTp6qhFdl0u7E5JQ,0
14,UCWtcaoN-VA4wseYrws-csKw,66000
15,UC3PhGon63sMZNAuHyrBgGSw,21800
16,UCx9WwWANuxskEfS53IkkI1w,4880
17,UCuA3GbcPjRPesHaeRIvfIIQ,1190000
18,UCjcO4AvTXjPBNXXe4Deoa6Q,8540
19,UC6YD-hqIJ1UIOcVyQ07HGAw,1660000
20,UCUCeZaZeJbEYAAzvMgrKOPQ,4980000
21,UCgMPP6RRjktV7krOfyUewqw,8710000
22,UCjr-_eWyX7RwHKSVxOP4eCA,10200
23,UCKB2ePQcisre4Cacyk1W-gw,519000
24,UCD7-Ocp4InwPKzwiq_U-Abg,697000
25,UCRT-74ovdMKOFBC96w_gfyQ,402000
26,UCrDHVr4NKajFmzrJO4ME8gA,36900
27,UCFBjsYvwX7kWUjQoW7GcJ5A,1620000
28,UCTDMT3aL30noTVFgNPA9XtQ,582000
29,UCNW0bHL-4TBmRfRCgRrJKEA,4010
0,UCZMRuagdTBKmmrFtSMN48Xw,947000
1,UCaO16EyoX6_064H0txQ0vZQ,2030000
2,UCmbqBCHoSY33t-pHxQJq66A,3330
3,UC1zYGo1jIIjMVDTLL3dydow,277000
4,UCZJLOAUdvQHrIXQs3Hq17Hw,0
5,UC-km1012mEUQQLGxggmrazw,740000
6,UCO6t3VQrpvrM4gYDRQ-58Ew,281000
7,UC55Ugnz0PjMsfyZ1LCFDZTA,315000
8,UCb-ekPowbBlQhyt7ZXPiu5Q,281000
9,UCxkjgt_ePhbOoCRPr0szT8Q,809000
10,UCRb-FQbJKhOBvYZ3olDDL7g,10600
11,UC7hfl5GbU1lVhI08c-Y7bVQ,7870
12,UCpr5mSSUbIQU816dNjaDdyg,4890000
13,UCoOx45FcGxN7sI2xQakj0EA,843000
14,UCEIMvzf3R9d3_2A3IAajvHg,1930000
15,UC-zmpFVQNJ85iONIsYKJ7zA,84100
16,UC1zsShDyJp8AafQu9BPo1PQ,1320000
17,UCZECMCJJJE47ei170XCXgdA,874000
18,UCjU51lhtpje-r0eF4b0jpbw,471000
19,UCI4mta4pWhYhPSLhjmUAfZQ,50900
20,UClFSU9_bUb4Rc6OYfTt5SPw,6410000
21,UC3GaMDMad4fw9khH-CtWkFQ,4180
22,UCRDDfbYPHX_GUJ4lcQYTc8A,1890000
23,UCOzWD4b_-q77XTaSl89OukA,57200
24,UCqAbcgEp4NqCRnLG3NVJezw,310000
25,UCoQIdt0bWPv3-_xuybJvTjQ,1740000
26,UCYs35nWy7aTUBA4w8LcSCjQ,164000
27,UCMKvT0YVLufHMdGLH89J1oA,298000
28,UC1oPBUWifc0QOOY8DEKhLuQ,5340000
29,UCcidzHS1cj0TrJpeyZwgUUA,19400
0,UC6IMGCz0Pjwt2icerqPIuZg,226000
1,UCSoEDFXaMcHbAlWlduce2eg,520000
2,UC1tRerfP7nmbWOxrkfTHnHw,819
3,UCYJnKTyn-1lbNRV5G92UMfA,57500
4,UCbFwe3COkDrbNsbMyGNCsDg,1480000
5,UCeEw2Utee_-P8-KZYTzuUsw,388000
6,UCprRdRdjn5oTfxDSDQpmPew,0
7,UCQUdNis13Y2bXiV7fssSNCg,685000
8,UCEH8O1Z3yM14mH671CaSf4Q,108000
9,UC5VZjrV5x9J9mTyGODzu0dQ,864000
10,UC60sWAjnXoBUisDwWgJL4_g,410000
11,UCXzU-b8I0Y_fhMkLQMYt3vA,1350000
12,UCynURu72A71GmEVQcsZXcKQ,117000
13,UCEf_Bc-KVd7onSeifS3py9g,22900000
14,UC7RMi15o0aQacJhxOc6LLmw,446000
15,UC6YNWTm6zuMFsjqd0PO3G-Q,470000
16,UCEojdIMF62_65_iYQsvF50Q,109000
17,UCnAsZ46UTeFEgwOEwMezngQ,512000
18,UCcNISJ2amgu_Bkkysm29MNA,33800
19,UCgJT29ypj-ZGNX5y8GHapKA,662000
20,UCjSUHGlaOM7nDZtzpreA9Jw,29000
21,UCKL5hAuzgFQsyrsQKgU0Qng,17800000
22,UC0Lo41A_5qVbdgl2p75UXaA,6490
23,UC5pQNAOnkkly0doFFDsBPxw,71900
24,UCdRKafyb--geO9ySg6CbhYA,1440000
25,UConaGRzpWrIGU6ALkUASyYg,104000
26,UCxhygwqQ1ZMoBGQM2yEcNug,12600000
27,UC6454ctklRFUiE6CMzuw0hQ,193000
28,UCPIRD4yr1hlAEovBCSNlAKg,1560000
29,UCrJPQatNaq5KaDJ5RJldqdQ,12700
0,UCj5RwDivLksanrNvkW0FB4w,11000000
1,UCPs6BouVj4Gl96zGwwzSWJg,37000
2,UCcUnsoipzgd5JJNsNMsgfNg,414000
3,UCUCeZaZeJbEYAAzvMgrKOPQ,4980000
4,UCgMPP6RRjktV7krOfyUewqw,8710000
5,UCjr-_eWyX7RwHKSVxOP4eCA,10200
6,UCKB2ePQcisre4Cacyk1W-gw,519000
7,UCD7-Ocp4InwPKzwiq_U-Abg,697000
8,UCRT-74ovdMKOFBC96w_gfyQ,402000
9,UCrDHVr4NKajFmzrJO4ME8gA,36900
10,UCFBjsYvwX7kWUjQoW7GcJ5A,1620000
11,UCTDMT3aL30noTVFgNPA9XtQ,582000
12,UCNW0bHL-4TBmRfRCgRrJKEA,4010
13,UCZMRuagdTBKmmrFtSMN48Xw,947000
14,UCaO16EyoX6_064H0txQ0vZQ,2030000
15,UCmbqBCHoSY33t-pHxQJq66A,3330
16,UC1zYGo1jIIjMVDTLL3dydow,277000
17,UCZJLOAUdvQHrIXQs3Hq17Hw,0
18,UC-km1012mEUQQLGxggmrazw,740000
19,UCO6t3VQrpvrM4gYDRQ-58Ew,281000
20,UC55Ugnz0PjMsfyZ1LCFDZTA,315000
21,UCb-ekPowbBlQhyt7ZXPiu5Q,281000
22,UCxkjgt_ePhbOoCRPr0szT8Q,809000
23,UCRb-FQbJKhOBvYZ3olDDL7g,10600
24,UC7hfl5GbU1lVhI08c-Y7bVQ,7870
25,UCpr5mSSUbIQU816dNjaDdyg,4890000
26,UCoOx45FcGxN7sI2xQakj0EA,843000
27,UCEIMvzf3R9d3_2A3IAajvHg,1930000
28,UC-zmpFVQNJ85iONIsYKJ7zA,84100
29,UC1zsShDyJp8AafQu9BPo1PQ,1320000
0,UCxOjoraUPd0Dq9PAyIhC6tQ,808000
1,UCUCeZaZeJbEYAAzvMgrKOPQ,4980000
2,UCxjXU89x6owat9dA8Z-bzdw,2390000
3,UCRT-74ovdMKOFBC96w_gfyQ,402000
4,UCpZnHxjKCAOm-FKPrYYi-LA,2430000
5,UCaak9sggUeIBPOd8iK_BXcQ,3520000
6,UC2kbYT_7pZWb89Z8hMMtwKQ,91200
7,UCLYlpN8yN536YoJd6FtiKwg,813000
8,UC1oPBUWifc0QOOY8DEKhLuQ,5340000
9,UCXBgKqFxSjKADEuMLkc1Bpg,412000
10,UCGMRl1NLHeMNOM4RJ34ae_A,208000
11,UCv2ejD5B1xOYtGB2cf80B8g,558000
12,UCtmqiS_54E4CgpEt9pNX9Rw,115000
13,UCdivz7DDJG35Vkvng0eMmuA,270000
14,UCjr-_eWyX7RwHKSVxOP4eCA,10200
15,UCroloVlHKUnvOMn5MtuvyDg,422000
16,UCaTHFAqbd0OvVByB5eobM9w,22300
17,UCljUAjufNh7VI0yElcAdlhg,340000
18,UCFtVzEblikHdro4J5HeMo4w,582000
19,UCKtKKtjaaPKA1Oj8Ldnfsdg,478000
20,UCBnD1sJRWEyKpfQydw1mkCA,512000
21,UCJ6NXuUoYLyyuNYTwkmgZtQ,143000
22,UCgMPP6RRjktV7krOfyUewqw,8710000
23,UCQW3tGdtKlogo-bgihiTZww,72300
24,UCsg-YqdqQ-KFF0LNk23BY4A,307000
25,UCXDqWwV2Bhlbf2xXGNHW4KA,40400
26,UCD7-Ocp4InwPKzwiq_U-Abg,697000
27,UCLdnL7RNgh616cUbJJUGPRg,286000
28,UCynURu72A71GmEVQcsZXcKQ,117000
29,UCKB2ePQcisre4Cacyk1W-gw,519000
0,UCuGpOs5ec2FuqqP21d05nqQ,0
1,UC4lN5sizuJraSHqy99xTy6Q,1220000
2,UC1zYGo1jIIjMVDTLL3dydow,277000
3,UC0xqzV4302c-ygOnHqzmI0A,105000
4,UCJxYlnZBZc7Ol4FZB9kwl4g,45500
5,UC-lHJZR3Gqxm24_Vd_AJ5Yw,105000000
6,UClX3YSREJp3ELuv2wFAYOzA,1280000
7,UCQ3Kgx1G1NkELoJ8tJ3uelg,582000
8,UCSoEDFXaMcHbAlWlduce2eg,520000
9,UCMtFAi84ehTSYSE9XoHefig,7630000
10,UCRDDfbYPHX_GUJ4lcQYTc8A,1890000
11,UCy71JJO1ef3eH1p84gM4QOg,323000
12,UCyjqvcOieGYO7wot-RUgsPg,45100
13,UC1Lp8HbCqOPBMT1W_mjb21A,581000
14,UCl9iXgmrYGn7bqYY743G3ow,181000
15,UCvUVWaHx2siMRl8ZOG1L5IA,3120
16,UC8XBizOfQBLUrUcv_9DHCog,180000
17,UC6IMGCz0Pjwt2icerqPIuZg,226000
18,UCkpeuy1OcoOuSnvDnvXamRA,212000
19,UCvlctY0BTwLULhSSpZ6_wmw,357000
20,UCeEw2Utee_-P8-KZYTzuUsw,388000
21,UCAb2V2frD0fJs3yD3tP4cjg,1130
22,UC5BMQOsAB8hKUyHu9KI6yig,13300000
23,UC_RNTt0woXncVfZMmjK9swA,615000
24,UCBNqRaV88X03cKmQAKfHsVw,29200
25,UCzw-C7fNfs018R1FzIKnlaA,12400000
26,UC4arQnli3ffEuCSrSgAD_Ug,244000
27,UCYjJ5PJag8qo1sBA-tHhfIg,45900
28,UCryItMG5CX-iF_7OzRTn9SA,234000
29,UCNcQkRqY3_Ozcnlo6STqlAQ,105000
0,UCViq2Kjqhc0S5FeFneMy9pQ,7130
1,UCGCZAYq5Xxojl_tSXcVJhiQ,1290000
2,UCB6_n-4TvnN00A9C9QmeXiA,100
3,UCZJLOAUdvQHrIXQs3Hq17Hw,0
4,UCzrw4K7D9Ti3FP8WMTVPImg,84500
5,UCEdB0Cw2kjiIjlytrmiUlwQ,112000
6,UCTv-XvfzLX3i4IGWAm4sbmA,5630000
7,UCseOe3MfK8d2IjK2NoEpnaA,1160000
8,UCZMRuagdTBKmmrFtSMN48Xw,947000
9,UClCe4GUU6ZTVrvJ8UkXFONA,34600
10,UCAclVGCh7QyLH41jJGQVhaw,1760000
11,UCpEhnqL0y41EpW2TvWAHD7Q,75200000
12,UCmbqBCHoSY33t-pHxQJq66A,3330
13,UCPs6BouVj4Gl96zGwwzSWJg,37000
14,UCTDMT3aL30noTVFgNPA9XtQ,582000
15,UC7Gpp9AXsyBns4oPt0rd82A,311000
16,UCIS8BB4C2cuzeILjQV9pxGA,85300
17,UCgLSeZDL_WYHkbF8nmuKAtg,326000
18,UCHvFSU5OP6c7QcJxIr87YtA,366000
19,UCNW0bHL-4TBmRfRCgRrJKEA,4010
20,UCMBCvRZ3Mh-lpsXnOL_2jVg,20500
21,UCxOjoraUPd0Dq9PAyIhC6tQ,808000
22,UCUCeZaZeJbEYAAzvMgrKOPQ,4980000
23,UCxjXU89x6owat9dA8Z-bzdw,2390000
24,UCRT-74ovdMKOFBC96w_gfyQ,402000
25,UCpZnHxjKCAOm-FKPrYYi-LA,2430000
26,UCaak9sggUeIBPOd8iK_BXcQ,3520000
27,UC2kbYT_7pZWb89Z8hMMtwKQ,91200
28,UCLYlpN8yN536YoJd6FtiKwg,813000
29,UC1oPBUWifc0QOOY8DEKhLuQ,5340000
0,UCXBgKqFxSjKADEuMLkc1Bpg,412000
1,UCGMRl1NLHeMNOM4RJ34ae_A,208000
2,UCv2ejD5B1xOYtGB2cf80B8g,558000
3,UCtmqiS_54E4CgpEt9pNX9Rw,115000
4,UCdivz7DDJG35Vkvng0eMmuA,270000
5,UCjr-_eWyX7RwHKSVxOP4eCA,10200
6,UCroloVlHKUnvOMn5MtuvyDg,422000
7,UCaTHFAqbd0OvVByB5eobM9w,22300
8,UCljUAjufNh7VI0yElcAdlhg,340000
9,UCFtVzEblikHdro4J5HeMo4w,582000
10,UCKtKKtjaaPKA1Oj8Ldnfsdg,478000
11,UCBnD1sJRWEyKpfQydw1mkCA,512000
12,UCJ6NXuUoYLyyuNYTwkmgZtQ,143000
13,UCgMPP6RRjktV7krOfyUewqw,8710000
14,UCQW3tGdtKlogo-bgihiTZww,72300
15,UCsg-YqdqQ-KFF0LNk23BY4A,307000
16,UCXDqWwV2Bhlbf2xXGNHW4KA,40400
17,UCD7-Ocp4InwPKzwiq_U-Abg,697000
18,UCLdnL7RNgh616cUbJJUGPRg,286000
19,UCynURu72A71GmEVQcsZXcKQ,117000
20,UCKB2ePQcisre4Cacyk1W-gw,519000
21,UCTDMT3aL30noTVFgNPA9XtQ,582000
22,UCkpeuy1OcoOuSnvDnvXamRA,212000
23,UCJk8dZsM8SIGzIBJ-rDcB3Q,579000
24,UCUlU_aydFO4u0cDDng1aO7w,25400
25,UCQ3Kgx1G1NkELoJ8tJ3uelg,582000
26,UCpO1VAdkPTUao4SNZJyFCVw,7560
27,UConaGRzpWrIGU6ALkUASyYg,104000
28,UC_976xMxPgzIa290Hqtk-9g,4300000
0,UCpOjLndjOqMoffA-fr8cbKA,4340000
1,UCEnElB_Ebd1SZKKJwYG8ddg,948
2,UCxOjoraUPd0Dq9PAyIhC6tQ,808000
3,UC0mhOaiTObQ9hsCIBQM7Hnw,361000
4,UCtFmQ51K2iSHJwBKwyQQRdw,523000
5,UCU3MNBzIn5j2j38OpYdSkog,113000
6,UCJKB-WbHrG7cDpfY-vPcuLA,71
7,UCwmurIyZ6FHyVPtKppe_2_A,5620000
8,UCrHZjJf0sNsHtfsKHwqe4fA,47400
9,UCzw-C7fNfs018R1FzIKnlaA,12400000
10,UCjB2xW4I9pqsP_lWonMJJPA,0
11,UCtQ6YW_bJln9SqUsu6cSR9Q,105000
12,UCdIg25jnHpfVpnHNoCakU4Q,0
13,UCfKxCaGCp6pNKmaz-MX5QlA,209000
14,UCip8ve30-AoX2y2OtAAmqFA,2150000
15,UCGbOTPDlBwkN-4N85dK6U7Q,231000
16,UC-Zrs1kNTReEUfKWnDO_X4g,111000
17,UCUCeZaZeJbEYAAzvMgrKOPQ,4980000
18,UC499RUHBCxesTo_ppKPlfhg,123000
19,UCsX8MJHEI5UukXoF3HLnTvg,496000
20,UC4QadOSsJu54Qs8z99shRiQ,1490000
21,UCL34wP0DdCFPhR1l-g1rA7Q,29800
22,UCxjXU89x6owat9dA8Z-bzdw,2390000
23,UCzXjPL7zo0bxhOYDxLJ9YEg,2850000
24,UCLYlpN8yN536YoJd6FtiKwg,813000
25,UC0e87WXu_SJhrc8tb08qyaQ,122000
26,UCi623vUlmMZGgZbVcmzHc7Q,2270000
27,UCPIRD4yr1hlAEovBCSNlAKg,1560000
28,UCp_RW49IudjKEw_yal7tfFw,984000
29,UCRVruzlQF5cqpw9jQgIgNdw,756000
0,UC4hQbfN_ZRy4lSngWxuhHxA,384000
1,UC6KEU5-KSTszEOOnAl8ZwPQ,560000
2,UCPyNsNSTUtywkekbDdCA_8Q,1640000
3,UCR1zT1s524Hbc85bdvno_8w,1130000
4,UCVh47EKH9VLresRqiYi9txw,371000
5,UC6XufPOPYUXtBKJCFgkPkVA,283000
6,UC4kUV8uGKmoQUs1HLzf7jsg,170000
7,UCnoYhOtV0IXZ6lv2R-ZnB_Q,170000
8,UCEeyy_fypedVHh1Lscu16CQ,19000
9,UCT0x6RQTeoZByaYt_k1Ranw,2420000
10,UCVMvBhhCs_jZTGlHFI6Fh7w,298000
11,UCNsidkYpIAQ4QaufptQBPHQ,290000
12,UCFTVNLC7ysej-sD5lkLqNGA,5470000
13,UCmsA3A5_HKBwI9OktSttTFg,781000
14,UCpZnHxjKCAOm-FKPrYYi-LA,2430000
15,UCxkjgt_ePhbOoCRPr0szT8Q,809000
16,UC6YD-hqIJ1UIOcVyQ07HGAw,1660000
17,UCRT-74ovdMKOFBC96w_gfyQ,402000
18,UC8D7YSvivRShdeWcGadZF-w,49000
19,UC2kbYT_7pZWb89Z8hMMtwKQ,91200
20,UCaak9sggUeIBPOd8iK_BXcQ,3520000
21,UCF1zDD7PDl3K26ALi7KzsLg,37100
22,UC94pY6IRKSJbZ1V36yQA1wg,22500
23,UCqAbcgEp4NqCRnLG3NVJezw,310000
24,UCfuV-N1nAjnsBRZPlUByVpQ,76200
25,UCTDMT3aL30noTVFgNPA9XtQ,582000
26,UCkpeuy1OcoOuSnvDnvXamRA,212000
27,UCJk8dZsM8SIGzIBJ-rDcB3Q,579000
28,UCUlU_aydFO4u0cDDng1aO7w,25400
29,UCljUAjufNh7VI0yElcAdlhg,340000
0,UCQ3Kgx1G1NkELoJ8tJ3uelg,582000
1,UCpO1VAdkPTUao4SNZJyFCVw,7560
2,UConaGRzpWrIGU6ALkUASyYg,104000
3,UC_976xMxPgzIa290Hqtk-9g,4300000
4,UCpOjLndjOqMoffA-fr8cbKA,4340000
5,UCEnElB_Ebd1SZKKJwYG8ddg,948
6,UCxOjoraUPd0Dq9PAyIhC6tQ,808000
7,UC0mhOaiTObQ9hsCIBQM7Hnw,361000
8,UCtFmQ51K2iSHJwBKwyQQRdw,523000
9,UCU3MNBzIn5j2j38OpYdSkog,113000
10,UCJKB-WbHrG7cDpfY-vPcuLA,71
11,UCwmurIyZ6FHyVPtKppe_2_A,5620000
12,UCrHZjJf0sNsHtfsKHwqe4fA,47400
13,UCzw-C7fNfs018R1FzIKnlaA,12400000
14,UCjB2xW4I9pqsP_lWonMJJPA,0
15,UCtQ6YW_bJln9SqUsu6cSR9Q,105000
16,UCdIg25jnHpfVpnHNoCakU4Q,0
17,UCfKxCaGCp6pNKmaz-MX5QlA,209000
18,UCip8ve30-AoX2y2OtAAmqFA,2150000
19,UCGbOTPDlBwkN-4N85dK6U7Q,231000
20,UC-Zrs1kNTReEUfKWnDO_X4g,111000
21,UCxjXU89x6owat9dA8Z-bzdw,2390000
22,UCq_TsRds1PuHzPfLoSqGyZw,251000
23,UCFBjsYvwX7kWUjQoW7GcJ5A,1620000
24,UCVkqs_Q88BDmyaWwjYJ8_Ig,208000
25,UCwB_AlxvT3A1uEcI9rA_7hg,1320000
26,UC6CaeizYeVf-yMalWq2Dong,7290
27,UCtmXnwe5EYXUc52pq-S2RAg,443000
28,UCcOYEm78CpaZQvPE6LtoSeA,3420000
